model_name,metric,n_layers,n_total_units,n_unique_exact,n_unique_tol,uniq_frac_exact,uniq_frac_tol,n_groups_ge2,max_tie_group,tolerance,elapsed
alexnet,l1_norm,8,10344,10335,10334,0.9991299303944315,0.9990332559938129,9,2,1e-06,0.5610613822937012
alexnet,l2_norm,8,10344,10340,10195,0.9996133023975251,0.9855955143078113,4,2,1e-06,0.5610613822937012
alexnet,variance,8,10344,10339,845,0.9995166279969064,0.08168986852281516,5,2,1e-06,0.5610613822937012
vgg11,l1_norm,11,11944,11932,11932,0.9989953114534494,0.9989953114534494,12,2,1e-06,1.1487228870391846
vgg11,l2_norm,11,11944,11928,11704,0.9986604152712659,0.9799062290689886,16,2,1e-06,1.1487228870391846
vgg11,variance,11,11944,11940,1193,0.9996651038178165,0.09988278633623576,4,2,1e-06,1.1487228870391846
vgg11_bn,l1_norm,11,11944,11932,11756,0.9989953114534494,0.9842598794373744,12,2,1e-06,14.51329517364502
vgg11_bn,l2_norm,11,11944,11931,11455,0.9989115874079035,0.9590589417280643,13,2,1e-06,14.51329517364502
vgg11_bn,variance,11,11944,11943,955,0.9999162759544541,0.07995646349631615,1,2,1e-06,14.51329517364502
vgg13,l1_norm,13,12136,12127,12127,0.9992584047462096,0.9992584047462096,9,2,1e-06,19.412850856781006
vgg13,l2_norm,13,12136,12128,11885,0.999340804218853,0.9793177323665129,8,2,1e-06,19.412850856781006
vgg13,variance,13,12136,12131,1307,0.9995880026367832,0.10769611074489123,5,2,1e-06,19.412850856781006
vgg13_bn,l1_norm,13,12136,12122,11886,0.9988464073829928,0.9794001318391562,14,2,1e-06,15.560645341873169
vgg13_bn,l2_norm,13,12136,12121,11551,0.9987640079103494,0.9517963085036256,15,2,1e-06,15.560645341873169
vgg13_bn,variance,13,12136,12133,972,0.9997528015820699,0.08009228740936059,3,2,1e-06,15.560645341873169
vgg16,l1_norm,16,13416,13404,13404,0.9991055456171736,0.9991055456171736,12,2,1e-06,1.1916687488555908
vgg16,l2_norm,16,13416,13408,13143,0.9994036970781157,0.9796511627906976,8,2,1e-06,1.1916687488555908
vgg16,variance,16,13416,13413,1398,0.9997763864042933,0.10420393559928444,3,2,1e-06,1.1916687488555908
vgg16_bn,l1_norm,16,13416,13410,13201,0.9995527728085868,0.9839743589743589,6,2,1e-06,7.4963538646698
vgg16_bn,l2_norm,16,13416,13413,12882,0.9997763864042933,0.9601967799642218,3,2,1e-06,7.4963538646698
vgg16_bn,variance,16,13416,13410,1098,0.9995527728085868,0.08184257602862254,6,2,1e-06,7.4963538646698
vgg19,l1_norm,19,14696,14684,14684,0.9991834512792597,0.9991834512792597,12,2,1e-06,22.419466972351074
vgg19,l2_norm,19,14696,14688,14444,0.9994556341861731,0.9828524768644529,8,2,1e-06,22.419466972351074
vgg19,variance,19,14696,14691,1459,0.9996597713663582,0.09927871529667937,5,2,1e-06,22.419466972351074
vgg19_bn,l1_norm,19,14696,14689,14257,0.9995236799129015,0.9701279259662493,7,2,1e-06,15.881508827209473
vgg19_bn,l2_norm,19,14696,14679,13722,0.9988432226456179,0.933723462166576,17,2,1e-06,15.881508827209473
vgg19_bn,variance,19,14696,14692,1205,0.9997278170930866,0.08199510070767556,4,2,1e-06,15.881508827209473
resnet18,l1_norm,21,5800,5799,5796,0.9998275862068966,0.9993103448275862,1,2,1e-06,2.1186683177948
resnet18,l2_norm,21,5800,5799,5778,0.9998275862068966,0.9962068965517241,1,2,1e-06,2.1186683177948
resnet18,variance,21,5800,5799,2790,0.9998275862068966,0.4810344827586207,1,2,1e-06,2.1186683177948
resnet34,l1_norm,37,9512,9510,9510,0.9997897392767031,0.9997897392767031,2,2,1e-06,2.7584388256073
resnet34,l2_norm,37,9512,9511,9484,0.9998948696383515,0.9970563498738436,1,2,1e-06,2.7584388256073
resnet34,variance,37,9512,9512,3657,1.0,0.38446173254835997,0,1,1e-06,2.7584388256073
resnet50,l1_norm,54,27560,27558,27549,0.9999274310595065,0.9996008708272859,2,2,1e-06,0.33466172218322754
resnet50,l2_norm,54,27560,27558,27476,0.9999274310595065,0.9969521044992743,2,2,1e-06,0.33466172218322754
resnet50,variance,54,27560,27557,13896,0.9998911465892598,0.5042089985486212,3,2,1e-06,0.33466172218322754
resnet101,l1_norm,105,53672,53670,53658,0.9999627366224475,0.9997391563571322,2,2,1e-06,0.5572636127471924
resnet101,l2_norm,105,53672,53672,53522,1.0,0.9972052466835594,0,1,1e-06,0.5572636127471924
resnet101,variance,105,53672,53672,25786,1.0,0.4804367267849158,0,1,1e-06,0.5572636127471924
resnet152,l1_norm,156,76712,76708,76661,0.9999478569193868,0.9993351757221817,4,2,1e-06,3.8270394802093506
resnet152,l2_norm,156,76712,76709,76505,0.9999608926895401,0.9973015955782668,3,2,1e-06,3.8270394802093506
resnet152,variance,156,76712,76710,33284,0.9999739284596934,0.4338825737824591,2,2,1e-06,3.8270394802093506
resnext50_32x4d,l1_norm,54,35112,35110,35108,0.9999430394167236,0.9998860788334473,2,2,1e-06,1.536454439163208
resnext50_32x4d,l2_norm,54,35112,35109,35012,0.9999145591250854,0.9971519708361813,3,2,1e-06,1.536454439163208
resnext50_32x4d,variance,54,35112,35111,17358,0.9999715197083618,0.4943609022556391,1,2,1e-06,1.536454439163208
resnext101_32x8d,l1_norm,105,102440,102429,102413,0.999892620070285,0.9997364310816087,11,2,1e-06,5.135380983352661
resnext101_32x8d,l2_norm,105,102440,102432,102098,0.9999219055056618,0.9966614603670442,8,2,1e-06,5.135380983352661
resnext101_32x8d,variance,105,102440,102435,29839,0.9999511909410387,0.2912827020695041,5,2,1e-06,5.135380983352661
resnext101_64x4d,l1_norm,105,102440,102429,102386,0.999892620070285,0.9994728621632175,11,2,1e-06,4.739469528198242
resnext101_64x4d,l2_norm,105,102440,102431,102041,0.9999121436938696,0.9961050370948848,9,2,1e-06,4.739469528198242
resnext101_64x4d,variance,105,102440,102436,31239,0.9999609527528309,0.3049492385786802,4,2,1e-06,4.739469528198242
wide_resnet50_2,l1_norm,54,35112,35109,35102,0.9999145591250854,0.9997151970836181,3,2,1e-06,4.4459943771362305
wide_resnet50_2,l2_norm,54,35112,35103,35003,0.9997436773752563,0.9968956482114377,9,2,1e-06,4.4459943771362305
wide_resnet50_2,variance,54,35112,35111,13733,0.9999715197083618,0.3911198450672135,1,2,1e-06,4.4459943771362305
wide_resnet101_2,l1_norm,105,69928,69921,69907,0.9998998970369523,0.9996996911108569,7,2,1e-06,14.42807936668396
wide_resnet101_2,l2_norm,105,69928,69926,69755,0.9999713991534149,0.9975260267703924,2,2,1e-06,14.42807936668396
wide_resnet101_2,variance,105,69928,69926,21816,0.9999713991534149,0.31197803454982265,2,2,1e-06,14.42807936668396
densenet121,l1_norm,121,11240,11240,11239,1.0,0.9999110320284698,0,1,1e-06,0.1991569995880127
densenet121,l2_norm,121,11240,11240,11234,1.0,0.9994661921708186,0,1,1e-06,0.1991569995880127
densenet121,variance,121,11240,11239,7984,0.9999110320284698,0.7103202846975089,1,2,1e-06,0.1991569995880127
densenet161,l1_norm,161,21448,21448,21394,1.0,0.9974822827303245,0,1,1e-06,2.2280938625335693
densenet161,l2_norm,161,21448,21447,21359,0.9999533756061171,0.9958504289444238,1,2,1e-06,2.2280938625335693
densenet161,variance,161,21448,21448,8253,1.0,0.3847911227154047,0,1,1e-06,2.2280938625335693
densenet169,l1_norm,169,15208,15208,15208,1.0,1.0,0,1,1e-06,1.078195333480835
densenet169,l2_norm,169,15208,15205,15194,0.9998027354024198,0.999079431877959,3,2,1e-06,1.078195333480835
densenet169,variance,169,15208,15207,9107,0.99993424513414,0.5988295633876907,1,2,1e-06,1.078195333480835
densenet201,l1_norm,201,18024,18024,18023,1.0,0.9999445184198846,0,1,1e-06,1.368424892425537
densenet201,l2_norm,201,18024,18024,18005,1.0,0.9989458499778073,0,1,1e-06,1.368424892425537
densenet201,variance,201,18024,18024,9777,1.0,0.5424434087882823,0,1,1e-06,1.368424892425537
googlenet,l1_norm,58,8280,8280,8280,1.0,1.0,0,1,1e-06,0.1219930648803711
googlenet,l2_norm,58,8280,8280,8269,1.0,0.9986714975845411,0,1,1e-06,0.1219930648803711
googlenet,variance,58,8280,8280,5550,1.0,0.6702898550724637,0,1,1e-06,0.1219930648803711
inception_v3,l1_norm,98,20112,20110,20108,0.9999005568814638,0.9998011137629276,2,2,1e-06,3.1349332332611084
inception_v3,l2_norm,98,20112,20110,20065,0.9999005568814638,0.9976630867143994,2,2,1e-06,3.1349332332611084
inception_v3,variance,98,20112,20110,8473,0.9999005568814638,0.42129077167859985,2,2,1e-06,3.1349332332611084
mobilenet_v2,l1_norm,53,18056,18052,18038,0.9997784669915818,0.9990031014621179,4,2,1e-06,0.06626319885253906
mobilenet_v2,l2_norm,53,18056,18054,18002,0.9998892334957908,0.9970093043863536,2,2,1e-06,0.06626319885253906
mobilenet_v2,variance,53,18056,18053,14567,0.9998338502436863,0.8067678334071776,3,2,1e-06,0.06626319885253906
mobilenet_v3_small,l1_norm,54,10968,10968,10897,1.0,0.9935266229029905,0,1,1e-06,0.05254316329956055
mobilenet_v3_small,l2_norm,54,10968,10968,10879,1.0,0.9918854850474107,0,1,1e-06,0.05254316329956055
mobilenet_v3_small,variance,54,10968,10968,10177,1.0,0.9278811086797958,0,1,1e-06,0.05254316329956055
mobilenet_v3_large,l1_norm,64,19560,19557,19452,0.9998466257668711,0.994478527607362,3,2,1e-06,0.9359521865844727
mobilenet_v3_large,l2_norm,64,19560,19555,19419,0.9997443762781186,0.9927914110429448,5,2,1e-06,0.9359521865844727
mobilenet_v3_large,variance,64,19560,19558,15995,0.9998977505112474,0.8177402862985685,2,2,1e-06,0.9359521865844727
mnasnet0_5,l1_norm,53,11312,11309,11309,0.9997347949080623,0.9997347949080623,3,2,1e-06,0.6457858085632324
mnasnet0_5,l2_norm,53,11312,11311,11307,0.9999115983026874,0.999557991513437,1,2,1e-06,0.6457858085632324
mnasnet0_5,variance,53,11312,11311,11279,0.9999115983026874,0.9970827439886846,1,2,1e-06,0.6457858085632324
mnasnet0_75,l1_norm,53,15904,15902,15893,0.999874245472837,0.9993083501006036,2,2,1e-06,1.4573466777801514
mnasnet0_75,l2_norm,53,15904,15901,15856,0.9998113682092555,0.9969818913480886,3,2,1e-06,1.4573466777801514
mnasnet0_75,variance,53,15904,15902,12920,0.999874245472837,0.812374245472837,2,2,1e-06,1.4573466777801514
mnasnet1_0,l1_norm,53,19960,19957,19275,0.9998496993987976,0.9656813627254509,3,2,1e-06,0.5711398124694824
mnasnet1_0,l2_norm,53,19960,19958,18421,0.9998997995991984,0.9228957915831664,2,2,1e-06,0.5711398124694824
mnasnet1_0,variance,53,19960,19958,13928,0.9998997995991984,0.6977955911823648,2,2,1e-06,0.5711398124694824
mnasnet1_3,l1_norm,53,25408,25408,25359,1.0,0.9980714735516373,0,1,1e-06,0.48574399948120117
mnasnet1_3,l2_norm,53,25408,25401,25246,0.9997244962216625,0.9936240554156172,7,2,1e-06,0.48574399948120117
mnasnet1_3,variance,53,25408,25407,18093,0.9999606423173804,0.7120985516372796,1,2,1e-06,0.48574399948120117
squeezenet1_0,l1_norm,26,3976,3975,3974,0.9997484909456741,0.9994969818913481,1,2,1e-06,0.2480924129486084
squeezenet1_0,l2_norm,26,3976,3976,3967,1.0,0.9977364185110664,0,1,1e-06,0.2480924129486084
squeezenet1_0,variance,26,3976,3976,3208,1.0,0.806841046277666,0,1,1e-06,0.2480924129486084
squeezenet1_1,l1_norm,26,3944,3944,3944,1.0,1.0,0,1,1e-06,0.39203810691833496
squeezenet1_1,l2_norm,26,3944,3944,3938,1.0,0.9984787018255578,0,1,1e-06,0.39203810691833496
squeezenet1_1,variance,26,3944,3944,3040,1.0,0.77079107505071,0,1,1e-06,0.39203810691833496
shufflenet_v2_x0_5,l1_norm,57,4976,4976,4974,1.0,0.9995980707395499,0,1,1e-06,0.48451924324035645
shufflenet_v2_x0_5,l2_norm,57,4976,4975,4970,0.9997990353697749,0.9987942122186495,1,2,1e-06,0.48451924324035645
shufflenet_v2_x0_5,variance,57,4976,4976,4575,1.0,0.9194131832797428,0,1,1e-06,0.48451924324035645
shufflenet_v2_x1_0,l1_norm,57,9090,9090,9080,1.0,0.9988998899889989,0,1,1e-06,0.4054877758026123
shufflenet_v2_x1_0,l2_norm,57,9090,9089,9060,0.9998899889988999,0.9966996699669967,1,2,1e-06,0.4054877758026123
shufflenet_v2_x1_0,variance,57,9090,9088,8132,0.9997799779977998,0.8946094609460946,2,2,1e-06,0.4054877758026123
shufflenet_v2_x1_5,l1_norm,57,12720,12719,12703,0.9999213836477987,0.9986635220125786,1,2,1e-06,1.379601240158081
shufflenet_v2_x1_5,l2_norm,57,12720,12719,12693,0.9999213836477987,0.997877358490566,1,2,1e-06,1.379601240158081
shufflenet_v2_x1_5,variance,57,12720,12719,11071,0.9999213836477987,0.8703616352201258,1,2,1e-06,1.379601240158081
shufflenet_v2_x2_0,l1_norm,57,17858,17858,17843,1.0,0.9991600403180647,0,1,1e-06,0.7328910827636719
shufflenet_v2_x2_0,l2_norm,57,17858,17854,17816,0.9997760107514839,0.9976481128905813,4,2,1e-06,0.7328910827636719
shufflenet_v2_x2_0,variance,57,17858,17858,13748,1.0,0.7698510471497368,0,1,1e-06,0.7328910827636719
efficientnet_b0,l1_norm,82,31348,31346,31325,0.9999362000765599,0.999266300880439,2,2,1e-06,0.09566092491149902
efficientnet_b0,l2_norm,82,31348,31345,31251,0.9999043001148399,0.9969057037131556,3,2,1e-06,0.09566092491149902
efficientnet_b0,variance,82,31348,31347,25890,0.99996810003828,0.8258900089319893,1,2,1e-06,0.09566092491149902
efficientnet_b1,l1_norm,116,46184,46180,46157,0.9999133899185865,0.999415381950459,4,2,1e-06,0.7129712104797363
efficientnet_b1,l2_norm,116,46184,46178,46091,0.9998700848778798,0.9979863156071367,6,2,1e-06,0.7129712104797363
efficientnet_b1,variance,116,46184,46183,42606,0.9999783474796466,0.9225272821756453,1,2,1e-06,0.7129712104797363
efficientnet_b2,l1_norm,116,50194,50188,50141,0.9998804638004543,0.9989440969040124,6,2,1e-06,1.8440487384796143
efficientnet_b2,l2_norm,116,50194,50189,49972,0.9999003865003785,0.9955771606168068,5,2,1e-06,1.8440487384796143
efficientnet_b2,variance,116,50194,50191,38442,0.9999402319002271,0.7658684304897,3,2,1e-06,1.8440487384796143
efficientnet_b3,l1_norm,131,64728,64722,64658,0.99990730441231,0.9989185514769497,6,2,1e-06,4.416246175765991
efficientnet_b3,l2_norm,131,64728,64721,64468,0.999891855147695,0.9959831912000989,7,2,1e-06,4.416246175765991
efficientnet_b3,variance,131,64728,64726,51824,0.99996910147077,0.8006426894079842,2,2,1e-06,4.416246175765991
efficientnet_b4,l1_norm,161,92640,92630,92609,0.999892055267703,0.9996653713298791,10,2,1e-06,0.2686281204223633
efficientnet_b4,l2_norm,161,92640,92631,92481,0.9999028497409327,0.9982836787564767,9,2,1e-06,0.2686281204223633
efficientnet_b4,variance,161,92640,92637,87393,0.9999676165803109,0.9433613989637306,3,2,1e-06,0.2686281204223633
efficientnet_b5,l1_norm,195,127688,127673,127523,0.9998825261575089,0.9987077877325982,15,2,1e-06,7.069411039352417
efficientnet_b5,l2_norm,195,127688,127677,126892,0.9999138525155066,0.9937660547584738,11,2,1e-06,7.069411039352417
efficientnet_b5,variance,195,127688,127683,81199,0.999960842052503,0.6359172357621703,5,2,1e-06,7.069411039352417
efficientnet_v2_s,l1_norm,171,113128,113117,112892,0.9999027650095467,0.9979138674775475,11,2,1e-06,1.481745958328247
efficientnet_v2_s,l2_norm,171,113128,113117,112245,0.9999027650095467,0.9921946821299766,11,2,1e-06,1.481745958328247
efficientnet_v2_s,variance,171,113128,113126,54274,0.9999823209108267,0.479757442896542,2,2,1e-06,1.481745958328247
efficientnet_v2_m,l1_norm,246,214836,214819,211900,0.9999208698728332,0.9863337615669627,17,2,1e-06,3.174916982650757
efficientnet_v2_m,l2_norm,246,214836,214801,209187,0.9998370850323037,0.973705524213819,34,3,1e-06,3.174916982650757
efficientnet_v2_m,variance,246,214836,214824,81693,0.999944143439647,0.3802574987432274,12,2,1e-06,3.174916982650757
regnet_x_400mf,l1_norm,72,19928,19928,19926,1.0,0.9998996386993175,0,1,1e-06,0.7548270225524902
regnet_x_400mf,l2_norm,72,19928,19928,19905,1.0,0.9988458450421518,0,1,1e-06,0.7548270225524902
regnet_x_400mf,variance,72,19928,19927,15571,0.9999498193496588,0.7813629064632678,1,2,1e-06,0.7548270225524902
regnet_x_800mf,l1_norm,54,19656,19656,19656,1.0,1.0,0,1,1e-06,0.7849104404449463
regnet_x_800mf,l2_norm,54,19656,19655,19627,0.9999491249491249,0.9985246235246236,1,2,1e-06,0.7849104404449463
regnet_x_800mf,variance,54,19656,19656,13692,1.0,0.6965811965811965,0,1,1e-06,0.7849104404449463
regnet_x_1_6gf,l1_norm,60,22752,22751,22749,0.9999560478199718,0.9998681434599156,1,2,1e-06,0.9429945945739746
regnet_x_1_6gf,l2_norm,60,22752,22746,22705,0.9997362869198312,0.9979342475386779,6,2,1e-06,0.9429945945739746
regnet_x_1_6gf,variance,60,22752,22751,15554,0.9999560478199718,0.6836322081575246,1,2,1e-06,0.9429945945739746
regnet_x_3_2gf,l1_norm,81,32280,32278,32271,0.9999380421313507,0.999721189591078,2,2,1e-06,1.0318217277526855
regnet_x_3_2gf,l2_norm,81,32280,32278,32225,0.9999380421313507,0.9982961586121437,2,2,1e-06,1.0318217277526855
regnet_x_3_2gf,variance,81,32280,32277,19929,0.999907063197026,0.6173791821561339,3,2,1e-06,1.0318217277526855
regnet_x_8gf,l1_norm,75,46232,46228,46226,0.9999134798408029,0.9998702197612044,4,2,1e-06,3.6045353412628174
regnet_x_8gf,l2_norm,75,46232,46225,46115,0.9998485897214051,0.997469285343485,7,2,1e-06,3.6045353412628174
regnet_x_8gf,variance,75,46232,46232,18697,1.0,0.4044168541270116,0,1,1e-06,3.6045353412628174
regnet_x_16gf,l1_norm,72,56584,56580,56579,0.9999293086384844,0.9999116357981055,4,2,1e-06,6.740151405334473
regnet_x_16gf,l2_norm,72,56584,56577,56425,0.9998762901173477,0.997190018379754,7,2,1e-06,6.740151405334473
regnet_x_16gf,variance,72,56584,56581,20138,0.9999469814788633,0.3558956595504029,3,2,1e-06,6.740151405334473
regnet_y_400mf,l1_norm,86,19784,19784,19645,1.0,0.9929741205014153,0,1,1e-06,0.5832729339599609
regnet_y_400mf,l2_norm,86,19784,19784,19624,1.0,0.9919126566922766,0,1,1e-06,0.5832729339599609
regnet_y_400mf,variance,86,19784,19784,16466,1.0,0.8322887181560857,0,1,1e-06,0.5832729339599609
regnet_y_800mf,l1_norm,76,21808,21807,21784,0.9999541452677916,0.9988994864269992,1,2,1e-06,0.7757909297943115
regnet_y_800mf,l2_norm,76,21808,21806,21750,0.9999082905355833,0.9973404255319149,2,2,1e-06,0.7757909297943115
regnet_y_800mf,variance,76,21808,21807,16449,0.9999541452677916,0.7542644900953779,1,2,1e-06,0.7757909297943115
regnet_y_1_6gf,l1_norm,141,37502,37499,37324,0.9999200042664391,0.995253586475388,3,2,1e-06,2.404006242752075
regnet_y_1_6gf,l2_norm,141,37502,37502,37267,1.0,0.9937336675377313,0,1,1e-06,2.404006242752075
regnet_y_1_6gf,variance,141,37502,37502,27263,1.0,0.7269745613567277,0,1,1e-06,2.404006242752075
regnet_y_3_2gf,l1_norm,111,46490,46486,46383,0.999913959991396,0.997698429769843,4,2,1e-06,3.1786653995513916
regnet_y_3_2gf,l2_norm,111,46490,46485,46278,0.999892449989245,0.9954398795439879,5,2,1e-06,3.1786653995513916
regnet_y_3_2gf,variance,111,46490,46489,28629,0.999978489997849,0.6158098515809851,1,2,1e-06,3.1786653995513916
regnet_y_8gf,l1_norm,91,60288,60282,60231,0.9999004777070064,0.9990545382165605,6,2,1e-06,5.344329595565796
regnet_y_8gf,l2_norm,91,60288,60285,60038,0.9999502388535032,0.995853237791932,3,2,1e-06,5.344329595565796
regnet_y_8gf,variance,91,60288,60287,24854,0.9999834129511678,0.4122545116772824,1,2,1e-06,5.344329595565796
regnet_y_16gf,l1_norm,96,85180,85172,85079,0.9999060812397277,0.9988142756515614,8,2,1e-06,10.969231367111206
regnet_y_16gf,l2_norm,96,85180,85170,84644,0.9998826015496596,0.9937074430617516,10,2,1e-06,10.969231367111206
regnet_y_16gf,variance,96,85180,85178,20362,0.9999765203099319,0.2390467245832355,2,2,1e-06,10.969231367111206
convnext_tiny,l1_norm,77,48808,48793,48759,0.9996926733322407,0.9989960662186527,15,2,1e-06,3.611368417739868
convnext_tiny,l2_norm,77,48808,48801,48549,0.9998565808883789,0.9946934928700213,7,2,1e-06,3.611368417739868
convnext_tiny,variance,77,48808,48802,19193,0.9998770693328962,0.3932347156203901,6,2,1e-06,3.611368417739868
convnext_small,l1_norm,149,97192,97179,97089,0.9998662441353198,0.9989402419952259,13,2,1e-06,3.090827465057373
convnext_small,l2_norm,149,97192,97170,96653,0.9997736439213104,0.9944542760721047,22,2,1e-06,3.090827465057373
convnext_small,variance,149,97192,97183,33030,0.9999073997859906,0.3398427854144374,9,2,1e-06,3.090827465057373
convnext_base,l1_norm,149,129256,129210,129080,0.9996441171009469,0.998638361081884,46,2,1e-06,5.996643304824829
convnext_base,l2_norm,149,129256,129203,128359,0.9995899610076128,0.9930602834684656,53,2,1e-06,5.996643304824829
convnext_base,variance,149,129256,129238,39012,0.9998607414742836,0.30181964473602774,18,2,1e-06,5.996643304824829
