model_name,accuracy,time,dataset,method,method_kwargs
resnet101,0.8189,0.7888000011444092,imagenet12,noise,{'eps': 0.0001}
resnet101,0.80354,0.7635321617126465,imagenet12,noise,{'eps': 0.001}
resnet101,0.00334,0.8750288486480713,imagenet12,noise,{'eps': 0.01}
resnet101,0.001,0.7774739265441895,imagenet12,noise,{'eps': 0.1}
resnet101,0.81912,0.7671172618865967,imagenet12,noise,{'eps': 0.0001}
resnet101,0.8146,0.7730739116668701,imagenet12,noise,{'eps': 0.001}
resnet101,0.00156,0.777235746383667,imagenet12,noise,{'eps': 0.01}
resnet101,0.001,0.7896173000335693,imagenet12,noise,{'eps': 0.1}
resnet101,0.81892,0.7754881381988525,imagenet12,noise,{'eps': 0.0001}
resnet101,0.81334,0.8843615055084229,imagenet12,noise,{'eps': 0.001}
resnet101,0.001,0.7771027088165283,imagenet12,noise,{'eps': 0.01}
resnet101,0.001,0.7901265621185303,imagenet12,noise,{'eps': 0.1}
resnet101,0.81886,0.7670867443084717,imagenet12,noise,{'eps': 0.0001}
resnet101,0.68818,0.7703454494476318,imagenet12,noise,{'eps': 0.001}
resnet101,0.00388,0.7636826038360596,imagenet12,noise,{'eps': 0.01}
resnet101,0.001,0.7723367214202881,imagenet12,noise,{'eps': 0.1}
resnet101,0.8191,0.8848154544830322,imagenet12,noise,{'eps': 0.0001}
resnet101,0.80956,0.7706446647644043,imagenet12,noise,{'eps': 0.001}
resnet101,0.00154,0.774707555770874,imagenet12,noise,{'eps': 0.01}
resnet101,0.001,0.7664055824279785,imagenet12,noise,{'eps': 0.1}
resnet101,0.81876,0.7725532054901123,imagenet12,noise,{'eps': 0.0001}
resnet101,0.8019,0.7649130821228027,imagenet12,noise,{'eps': 0.001}
resnet101,0.001,0.7812678813934326,imagenet12,noise,{'eps': 0.01}
resnet101,0.001,0.7933435440063477,imagenet12,noise,{'eps': 0.1}
resnet101,0.81874,0.7679181098937988,imagenet12,noise,{'eps': 0.0001}
resnet101,0.79384,0.7690045833587646,imagenet12,noise,{'eps': 0.001}
resnet101,0.01164,0.7910122871398926,imagenet12,noise,{'eps': 0.01}
resnet101,0.001,0.7832260131835938,imagenet12,noise,{'eps': 0.1}
resnet101,0.81896,0.7709848880767822,imagenet12,noise,{'eps': 0.0001}
resnet101,0.8014,0.7633578777313232,imagenet12,noise,{'eps': 0.001}
resnet101,0.00104,0.7692623138427734,imagenet12,noise,{'eps': 0.01}
resnet101,0.001,0.8706488609313965,imagenet12,noise,{'eps': 0.1}
resnet101,0.81898,0.7794215679168701,imagenet12,noise,{'eps': 0.0001}
resnet101,0.8112,0.7873153686523438,imagenet12,noise,{'eps': 0.001}
resnet101,0.00108,0.7654542922973633,imagenet12,noise,{'eps': 0.01}
resnet101,0.001,0.7731657028198242,imagenet12,noise,{'eps': 0.1}
resnet101,0.81896,0.7677445411682129,imagenet12,noise,{'eps': 0.0001}
resnet101,0.81554,0.7752988338470459,imagenet12,noise,{'eps': 0.001}
resnet101,0.00162,0.8761353492736816,imagenet12,noise,{'eps': 0.01}
resnet101,0.001,0.7716994285583496,imagenet12,noise,{'eps': 0.1}
resnet101,0.74482,0.0383989810943603,imagenet12,prune,{'amount': 0.01}
resnet101,0.11984,0.0450148582458496,imagenet12,prune,{'amount': 0.05}
resnet101,0.63994,0.043210744857788,imagenet12,prune,{'amount': 0.01}
resnet101,0.16734,0.0450136661529541,imagenet12,prune,{'amount': 0.05}
resnet101,0.7094,0.0369124412536621,imagenet12,prune,{'amount': 0.01}
resnet101,0.2371,0.1639754772186279,imagenet12,prune,{'amount': 0.05}
resnet101,0.71114,0.0369369983673095,imagenet12,prune,{'amount': 0.01}
resnet101,0.0939,0.0381796360015869,imagenet12,prune,{'amount': 0.05}
resnet101,0.74156,0.0369858741760253,imagenet12,prune,{'amount': 0.01}
resnet101,0.32436,0.0453152656555175,imagenet12,prune,{'amount': 0.05}
resnet101,0.71996,0.04345703125,imagenet12,prune,{'amount': 0.01}
resnet101,0.0673,0.0380268096923828,imagenet12,prune,{'amount': 0.05}
resnet101,0.7599,0.0362067222595214,imagenet12,prune,{'amount': 0.01}
resnet101,0.2345,0.0376691818237304,imagenet12,prune,{'amount': 0.05}
resnet101,0.73016,0.0374495983123779,imagenet12,prune,{'amount': 0.01}
resnet101,0.21818,0.0387628078460693,imagenet12,prune,{'amount': 0.05}
resnet101,0.73308,0.036639928817749,imagenet12,prune,{'amount': 0.01}
resnet101,0.13506,0.0382313728332519,imagenet12,prune,{'amount': 0.05}
resnet101,0.76008,0.0430891513824462,imagenet12,prune,{'amount': 0.01}
resnet101,0.29944,0.0383193492889404,imagenet12,prune,{'amount': 0.05}
resnet101,0.81906,0.0609886646270751,imagenet12,neuperm,{}
resnet101,0.81904,0.0613613128662109,imagenet12,neuperm,{}
resnet101,0.819,0.067624807357788,imagenet12,neuperm,{}
resnet101,0.819,0.0644588470458984,imagenet12,neuperm,{}
resnet101,0.81898,0.0637891292572021,imagenet12,neuperm,{}
resnet101,0.81908,0.067605972290039,imagenet12,neuperm,{}
resnet101,0.81908,0.0618598461151123,imagenet12,neuperm,{}
resnet101,0.81904,0.0627996921539306,imagenet12,neuperm,{}
resnet101,0.81906,0.0667726993560791,imagenet12,neuperm,{}
resnet101,0.819,0.0695109367370605,imagenet12,neuperm,{}
resnet101,0.81902,0.0,imagenet12,original,{}
resnet101,0.81256,0.2667348384857178,imagenet12,quantization,"{'n_bits': 8, 'per_channel': False}"
resnet101,0.81752,0.2637131214141845,imagenet12,quantization,"{'n_bits': 8, 'per_channel': True}"
resnet101,0.00106,0.2637975215911865,imagenet12,quantization,"{'n_bits': 4, 'per_channel': False}"
resnet101,0.1036,0.2654449939727783,imagenet12,quantization,"{'n_bits': 4, 'per_channel': True}"
resnet101,0.001,,imagenet12,quantization,"{'n_bits': 2, 'per_channel': True}"
