model_name,accuracy,time,dataset,method,method_kwargs,cond_id,repeat,seed,deterministic,n_correct,n_total,eval_seconds,batch_size,device,limit_batches,torch_version,git_commit,timestamp
densenet121,0.74438,1.1920928955078125e-06,imagenet12,original,{},original,0,1668311071,True,37219,50000,52.72164797782898,64,cuda,,2.1.0,8ddd8a139420e70b6a285550ed4a947e268b829e,2026-08-20T15:58:47
densenet121,0.74434,0.02816605567932129,imagenet12,neuperm,{},neuperm,0,1159035215,False,37217,50000,52.242281436920166,64,cuda,,2.1.0,8ddd8a139420e70b6a285550ed4a947e268b829e,2026-08-20T15:59:39
densenet121,0.74434,0.050180912017822266,imagenet12,neuperm,{},neuperm,1,1505379927,False,37217,50000,51.856396198272705,64,cuda,,2.1.0,8ddd8a139420e70b6a285550ed4a947e268b829e,2026-08-20T16:00:31
densenet121,0.74436,0.05621910095214844,imagenet12,neuperm,{},neuperm,2,710379668,False,37218,50000,52.56426548957825,64,cuda,,2.1.0,8ddd8a139420e70b6a285550ed4a947e268b829e,2026-08-20T16:01:24
densenet121,0.74428,0.050673723220825195,imagenet12,neuperm,{},neuperm,3,1530153544,False,37214,50000,51.7911958694458,64,cuda,,2.1.0,8ddd8a139420e70b6a285550ed4a947e268b829e,2026-08-20T16:02:16
densenet121,0.74436,0.032507896423339844,imagenet12,neuperm,{},neuperm,4,1072396354,False,37218,50000,52.627583265304565,64,cuda,,2.1.0,8ddd8a139420e70b6a285550ed4a947e268b829e,2026-08-20T16:03:09
densenet121,0.74412,0.36292099952697754,imagenet12,noise,{'eps': 0.0001},noise_eps_1e-04,0,1033326979,False,37206,50000,52.59789276123047,64,cuda,,2.1.0,8ddd8a139420e70b6a285550ed4a947e268b829e,2026-08-20T16:04:02
densenet121,0.74422,0.44243836402893066,imagenet12,noise,{'eps': 0.0001},noise_eps_1e-04,1,1134315557,False,37211,50000,52.67364263534546,64,cuda,,2.1.0,8ddd8a139420e70b6a285550ed4a947e268b829e,2026-08-20T16:04:55
densenet121,0.74372,0.41599082946777344,imagenet12,noise,{'eps': 0.0001},noise_eps_1e-04,2,600593093,False,37186,50000,52.71779203414917,64,cuda,,2.1.0,8ddd8a139420e70b6a285550ed4a947e268b829e,2026-08-20T16:05:49
densenet121,0.74408,0.3573777675628662,imagenet12,noise,{'eps': 0.0001},noise_eps_1e-04,3,1522794050,False,37204,50000,52.426255226135254,64,cuda,,2.1.0,8ddd8a139420e70b6a285550ed4a947e268b829e,2026-08-20T16:06:42
densenet121,0.74412,0.3560984134674072,imagenet12,noise,{'eps': 0.0001},noise_eps_1e-04,4,1347402434,False,37206,50000,51.741328716278076,64,cuda,,2.1.0,8ddd8a139420e70b6a285550ed4a947e268b829e,2026-08-20T16:07:34
densenet121,0.74142,0.34371352195739746,imagenet12,noise,{'eps': 0.001},noise_eps_1e-03,0,2046996220,False,37071,50000,53.30580425262451,64,cuda,,2.1.0,8ddd8a139420e70b6a285550ed4a947e268b829e,2026-08-20T16:08:28
densenet121,0.74054,0.36124706268310547,imagenet12,noise,{'eps': 0.001},noise_eps_1e-03,1,1302236619,False,37027,50000,52.430233001708984,64,cuda,,2.1.0,8ddd8a139420e70b6a285550ed4a947e268b829e,2026-08-20T16:09:21
densenet121,0.7414,0.36368656158447266,imagenet12,noise,{'eps': 0.001},noise_eps_1e-03,2,224559115,False,37070,50000,52.32690095901489,64,cuda,,2.1.0,8ddd8a139420e70b6a285550ed4a947e268b829e,2026-08-20T16:10:14
densenet121,0.74288,0.3573935031890869,imagenet12,noise,{'eps': 0.001},noise_eps_1e-03,3,1432908175,False,37144,50000,52.95065498352051,64,cuda,,2.1.0,8ddd8a139420e70b6a285550ed4a947e268b829e,2026-08-20T16:11:07
densenet121,0.74108,0.36281728744506836,imagenet12,noise,{'eps': 0.001},noise_eps_1e-03,4,615704475,False,37054,50000,52.216078996658325,64,cuda,,2.1.0,8ddd8a139420e70b6a285550ed4a947e268b829e,2026-08-20T16:12:00
densenet121,0.04976,0.3574082851409912,imagenet12,noise,{'eps': 0.01},noise_eps_1e-02,0,2019531957,False,2488,50000,52.78488779067993,64,cuda,,2.1.0,8ddd8a139420e70b6a285550ed4a947e268b829e,2026-08-20T16:12:53
densenet121,0.07268,0.3962669372558594,imagenet12,noise,{'eps': 0.01},noise_eps_1e-02,1,1557105050,False,3634,50000,52.552539348602295,64,cuda,,2.1.0,8ddd8a139420e70b6a285550ed4a947e268b829e,2026-08-20T16:13:46
densenet121,0.16598,0.4149284362792969,imagenet12,noise,{'eps': 0.01},noise_eps_1e-02,2,434110628,False,8299,50000,52.68527007102966,64,cuda,,2.1.0,8ddd8a139420e70b6a285550ed4a947e268b829e,2026-08-20T16:14:40
densenet121,0.08346,0.37941670417785645,imagenet12,noise,{'eps': 0.01},noise_eps_1e-02,3,1564681137,False,4173,50000,51.93865513801575,64,cuda,,2.1.0,8ddd8a139420e70b6a285550ed4a947e268b829e,2026-08-20T16:15:32
densenet121,0.07564,0.3783903121948242,imagenet12,noise,{'eps': 0.01},noise_eps_1e-02,4,1018207990,False,3782,50000,52.39664673805237,64,cuda,,2.1.0,8ddd8a139420e70b6a285550ed4a947e268b829e,2026-08-20T16:16:25
densenet121,0.001,0.41472339630126953,imagenet12,noise,{'eps': 0.1},noise_eps_1e-01,0,1230149722,False,50,50000,52.75986194610596,64,cuda,,2.1.0,8ddd8a139420e70b6a285550ed4a947e268b829e,2026-08-20T16:17:18
densenet121,0.001,0.3600478172302246,imagenet12,noise,{'eps': 0.1},noise_eps_1e-01,1,2076594841,False,50,50000,52.54754662513733,64,cuda,,2.1.0,8ddd8a139420e70b6a285550ed4a947e268b829e,2026-08-20T16:18:12
densenet121,0.001,0.28623294830322266,imagenet12,noise,{'eps': 0.1},noise_eps_1e-01,2,158044807,False,50,50000,52.65847897529602,64,cuda,,2.1.0,8ddd8a139420e70b6a285550ed4a947e268b829e,2026-08-20T16:19:05
densenet121,0.001,0.3611910343170166,imagenet12,noise,{'eps': 0.1},noise_eps_1e-01,3,846618742,False,50,50000,51.71901607513428,64,cuda,,2.1.0,8ddd8a139420e70b6a285550ed4a947e268b829e,2026-08-20T16:19:57
densenet121,0.001,0.36382055282592773,imagenet12,noise,{'eps': 0.1},noise_eps_1e-01,4,1773681863,False,50,50000,52.53037643432617,64,cuda,,2.1.0,8ddd8a139420e70b6a285550ed4a947e268b829e,2026-08-20T16:20:50
densenet121,0.70482,0.29715871810913086,imagenet12,prune,{'amount': 0.01},prune_amount_0.01,0,2118515275,False,35241,50000,52.13652014732361,64,cuda,,2.1.0,8ddd8a139420e70b6a285550ed4a947e268b829e,2026-08-20T16:21:42
densenet121,0.7099,0.1909632682800293,imagenet12,prune,{'amount': 0.01},prune_amount_0.01,1,60412781,False,35495,50000,53.329771518707275,64,cuda,,2.1.0,8ddd8a139420e70b6a285550ed4a947e268b829e,2026-08-20T16:22:36
densenet121,0.69722,0.22871637344360352,imagenet12,prune,{'amount': 0.01},prune_amount_0.01,2,993247325,False,34861,50000,51.90842413902283,64,cuda,,2.1.0,8ddd8a139420e70b6a285550ed4a947e268b829e,2026-08-20T16:23:29
densenet121,0.69402,0.1759812831878662,imagenet12,prune,{'amount': 0.01},prune_amount_0.01,3,1903797141,False,34701,50000,51.999321937561035,64,cuda,,2.1.0,8ddd8a139420e70b6a285550ed4a947e268b829e,2026-08-20T16:24:21
densenet121,0.69202,0.27549195289611816,imagenet12,prune,{'amount': 0.01},prune_amount_0.01,4,101977216,False,34601,50000,52.784790992736816,64,cuda,,2.1.0,79017b1c9c255a37bbc6755352f0b0586319fa81,2026-08-24T13:39:51
densenet121,0.36018,0.3348097801208496,imagenet12,prune,{'amount': 0.05},prune_amount_0.05,0,1548484175,False,18009,50000,52.0729820728302,64,cuda,,2.1.0,79017b1c9c255a37bbc6755352f0b0586319fa81,2026-08-24T13:40:43
densenet121,0.39,0.2884480953216553,imagenet12,prune,{'amount': 0.05},prune_amount_0.05,1,1576820638,False,19500,50000,52.52418565750122,64,cuda,,2.1.0,79017b1c9c255a37bbc6755352f0b0586319fa81,2026-08-24T13:41:36
densenet121,0.3567,0.33728933334350586,imagenet12,prune,{'amount': 0.05},prune_amount_0.05,2,609292176,False,17835,50000,52.11982798576355,64,cuda,,2.1.0,79017b1c9c255a37bbc6755352f0b0586319fa81,2026-08-24T13:42:29
densenet121,0.42856,0.2885475158691406,imagenet12,prune,{'amount': 0.05},prune_amount_0.05,3,1849531487,False,21428,50000,51.62904453277588,64,cuda,,2.1.0,79017b1c9c255a37bbc6755352f0b0586319fa81,2026-08-24T13:43:21
densenet121,0.34506,0.3265824317932129,imagenet12,prune,{'amount': 0.05},prune_amount_0.05,4,49528409,False,17253,50000,52.595844745635986,64,cuda,,2.1.0,79017b1c9c255a37bbc6755352f0b0586319fa81,2026-08-24T13:44:14
densenet121,0.001,0.5203144550323486,imagenet12,quantization,"{'n_bits': 2, 'per_channel': True}",quant_2bit_perchannel,0,1780220536,True,50,50000,51.767266511917114,64,cuda,,2.1.0,79017b1c9c255a37bbc6755352f0b0586319fa81,2026-08-24T13:45:06
densenet121,0.19876,0.7249493598937988,imagenet12,quantization,"{'n_bits': 4, 'per_channel': True}",quant_4bit_perchannel,0,1975039767,True,9938,50000,52.094741344451904,64,cuda,,2.1.0,79017b1c9c255a37bbc6755352f0b0586319fa81,2026-08-24T13:45:59
densenet121,0.74342,0.5302066802978516,imagenet12,quantization,"{'n_bits': 8, 'per_channel': True}",quant_8bit_perchannel,0,318515697,True,37171,50000,51.489049196243286,64,cuda,,2.1.0,79017b1c9c255a37bbc6755352f0b0586319fa81,2026-08-24T13:46:52
resnet50,0.80846,9.5367431640625e-07,imagenet12,original,{},original,0,218186321,True,40423,50000,48.953871726989746,64,cuda,,2.1.0,79017b1c9c255a37bbc6755352f0b0586319fa81,2026-08-24T13:47:41
resnet50,0.80842,0.032134056091308594,imagenet12,neuperm,{},neuperm,0,289848401,False,40421,50000,47.325899600982666,64,cuda,,2.1.0,79017b1c9c255a37bbc6755352f0b0586319fa81,2026-08-24T13:48:29
resnet50,0.8084,0.03700613975524902,imagenet12,neuperm,{},neuperm,1,665207100,False,40420,50000,48.97997164726257,64,cuda,,2.1.0,79017b1c9c255a37bbc6755352f0b0586319fa81,2026-08-24T13:49:18
resnet50,0.8084,0.029405832290649414,imagenet12,neuperm,{},neuperm,2,1711704338,False,40420,50000,48.53584575653076,64,cuda,,2.1.0,79017b1c9c255a37bbc6755352f0b0586319fa81,2026-08-24T13:50:07
resnet50,0.80846,0.02851700782775879,imagenet12,neuperm,{},neuperm,3,681687863,False,40423,50000,48.49197554588318,64,cuda,,2.1.0,79017b1c9c255a37bbc6755352f0b0586319fa81,2026-08-24T13:50:55
resnet50,0.80846,0.029230117797851562,imagenet12,neuperm,{},neuperm,4,903648488,False,40423,50000,47.919678688049316,64,cuda,,2.1.0,79017b1c9c255a37bbc6755352f0b0586319fa81,2026-08-24T13:51:43
resnet50,0.80838,0.9286806583404541,imagenet12,noise,{'eps': 0.0001},noise_eps_1e-04,0,39036579,False,40419,50000,47.77966523170471,64,cuda,,2.1.0,79017b1c9c255a37bbc6755352f0b0586319fa81,2026-08-24T13:52:32
resnet50,0.80824,1.099219799041748,imagenet12,noise,{'eps': 0.0001},noise_eps_1e-04,1,69189859,False,40412,50000,48.08294677734375,64,cuda,,2.1.0,79017b1c9c255a37bbc6755352f0b0586319fa81,2026-08-24T13:53:22
resnet50,0.80804,1.188772439956665,imagenet12,noise,{'eps': 0.0001},noise_eps_1e-04,2,1481711929,False,40402,50000,47.298505544662476,64,cuda,,2.1.0,79017b1c9c255a37bbc6755352f0b0586319fa81,2026-08-24T13:54:10
resnet50,0.8083,1.1446502208709717,imagenet12,noise,{'eps': 0.0001},noise_eps_1e-04,3,1672149119,False,40415,50000,47.63145589828491,64,cuda,,2.1.0,79017b1c9c255a37bbc6755352f0b0586319fa81,2026-08-24T13:54:59
resnet50,0.80824,1.154733657836914,imagenet12,noise,{'eps': 0.0001},noise_eps_1e-04,4,1833234859,False,40412,50000,48.78051257133484,64,cuda,,2.1.0,79017b1c9c255a37bbc6755352f0b0586319fa81,2026-08-24T13:55:49
resnet50,0.8056,0.9564473628997803,imagenet12,noise,{'eps': 0.001},noise_eps_1e-03,0,1489155235,False,40280,50000,48.737367391586304,64,cuda,,2.1.0,79017b1c9c255a37bbc6755352f0b0586319fa81,2026-08-24T13:56:39
resnet50,0.80566,1.1471257209777832,imagenet12,noise,{'eps': 0.001},noise_eps_1e-03,1,117082096,False,40283,50000,47.2961163520813,64,cuda,,2.1.0,79017b1c9c255a37bbc6755352f0b0586319fa81,2026-08-24T13:57:28
resnet50,0.50898,1.1563160419464111,imagenet12,noise,{'eps': 0.001},noise_eps_1e-03,2,1921544319,False,25449,50000,48.04213905334473,64,cuda,,2.1.0,79017b1c9c255a37bbc6755352f0b0586319fa81,2026-08-24T13:58:17
resnet50,0.40096,1.1539027690887451,imagenet12,noise,{'eps': 0.001},noise_eps_1e-03,3,738308133,False,20048,50000,47.89279890060425,64,cuda,,2.1.0,79017b1c9c255a37bbc6755352f0b0586319fa81,2026-08-24T13:59:06
resnet50,0.69506,1.1581597328186035,imagenet12,noise,{'eps': 0.001},noise_eps_1e-03,4,1449223284,False,34753,50000,47.76766490936279,64,cuda,,2.1.0,79017b1c9c255a37bbc6755352f0b0586319fa81,2026-08-24T13:59:55
resnet50,0.00104,1.152547836303711,imagenet12,noise,{'eps': 0.01},noise_eps_1e-02,0,2117973413,False,52,50000,48.344725131988525,64,cuda,,2.1.0,79017b1c9c255a37bbc6755352f0b0586319fa81,2026-08-24T14:00:45
resnet50,0.0007,1.1705527305603027,imagenet12,noise,{'eps': 0.01},noise_eps_1e-02,1,1439050961,False,35,50000,48.45407676696777,64,cuda,,2.1.0,79017b1c9c255a37bbc6755352f0b0586319fa81,2026-08-24T14:01:35
resnet50,0.00086,1.0586626529693604,imagenet12,noise,{'eps': 0.01},noise_eps_1e-02,2,1678549874,False,43,50000,49.855064868927,64,cuda,,2.1.0,79017b1c9c255a37bbc6755352f0b0586319fa81,2026-08-24T14:02:26
resnet50,0.00082,0.9185659885406494,imagenet12,noise,{'eps': 0.01},noise_eps_1e-02,3,798804317,False,41,50000,47.56688618659973,64,cuda,,2.1.0,79017b1c9c255a37bbc6755352f0b0586319fa81,2026-08-24T14:03:14
resnet50,0.00254,1.1655609607696533,imagenet12,noise,{'eps': 0.01},noise_eps_1e-02,4,318985055,False,127,50000,46.878451347351074,64,cuda,,2.1.0,79017b1c9c255a37bbc6755352f0b0586319fa81,2026-08-24T14:04:02
resnet50,0.00098,1.1921162605285645,imagenet12,noise,{'eps': 0.1},noise_eps_1e-01,0,1016547014,False,49,50000,48.543479442596436,64,cuda,,2.1.0,79017b1c9c255a37bbc6755352f0b0586319fa81,2026-08-24T14:04:52
resnet50,0.00104,1.1430346965789795,imagenet12,noise,{'eps': 0.1},noise_eps_1e-01,1,648658083,False,52,50000,47.795812368392944,64,cuda,,2.1.0,79017b1c9c255a37bbc6755352f0b0586319fa81,2026-08-24T14:05:41
resnet50,0.00094,0.9085710048675537,imagenet12,noise,{'eps': 0.1},noise_eps_1e-01,2,552545803,False,47,50000,47.381497383117676,64,cuda,,2.1.0,79017b1c9c255a37bbc6755352f0b0586319fa81,2026-08-24T14:06:30
resnet50,0.00108,0.9327797889709473,imagenet12,noise,{'eps': 0.1},noise_eps_1e-01,3,556576359,False,54,50000,47.47216749191284,64,cuda,,2.1.0,79017b1c9c255a37bbc6755352f0b0586319fa81,2026-08-24T14:07:18
resnet50,0.001,0.9432611465454102,imagenet12,noise,{'eps': 0.1},noise_eps_1e-01,4,231449871,False,50,50000,47.286921977996826,64,cuda,,2.1.0,79017b1c9c255a37bbc6755352f0b0586319fa81,2026-08-24T14:08:06
resnet50,0.51104,0.7776055335998535,imagenet12,prune,{'amount': 0.01},prune_amount_0.01,0,342908725,False,25552,50000,48.4065146446228,64,cuda,,2.1.0,79017b1c9c255a37bbc6755352f0b0586319fa81,2026-08-24T14:08:56
resnet50,0.62912,0.6304817199707031,imagenet12,prune,{'amount': 0.01},prune_amount_0.01,1,1210983803,False,31456,50000,48.97643041610718,64,cuda,,2.1.0,79017b1c9c255a37bbc6755352f0b0586319fa81,2026-08-24T14:09:45
resnet50,0.67246,0.631502628326416,imagenet12,prune,{'amount': 0.01},prune_amount_0.01,2,97232108,False,33623,50000,48.814141273498535,64,cuda,,2.1.0,79017b1c9c255a37bbc6755352f0b0586319fa81,2026-08-24T14:10:35
resnet50,0.60226,0.6391408443450928,imagenet12,prune,{'amount': 0.01},prune_amount_0.01,3,1518660428,False,30113,50000,49.64420938491821,64,cuda,,2.1.0,79017b1c9c255a37bbc6755352f0b0586319fa81,2026-08-24T14:11:25
resnet50,0.60318,0.8013105392456055,imagenet12,prune,{'amount': 0.01},prune_amount_0.01,4,114634893,False,30159,50000,49.1962947845459,64,cuda,,2.1.0,79017b1c9c255a37bbc6755352f0b0586319fa81,2026-08-24T14:12:15
resnet50,0.21804,0.9873013496398926,imagenet12,prune,{'amount': 0.05},prune_amount_0.05,0,1187680602,False,10902,50000,48.859375,64,cuda,,2.1.0,79017b1c9c255a37bbc6755352f0b0586319fa81,2026-08-24T14:13:05
resnet50,0.017,0.814382791519165,imagenet12,prune,{'amount': 0.05},prune_amount_0.05,1,1144545938,False,850,50000,48.24137496948242,64,cuda,,2.1.0,79017b1c9c255a37bbc6755352f0b0586319fa81,2026-08-24T14:13:55
resnet50,0.00518,0.9702961444854736,imagenet12,prune,{'amount': 0.05},prune_amount_0.05,2,1000551169,False,259,50000,49.181896448135376,64,cuda,,2.1.0,79017b1c9c255a37bbc6755352f0b0586319fa81,2026-08-24T14:14:45
resnet50,0.00998,0.7884311676025391,imagenet12,prune,{'amount': 0.05},prune_amount_0.05,3,1165535315,False,499,50000,48.50666856765747,64,cuda,,2.1.0,79017b1c9c255a37bbc6755352f0b0586319fa81,2026-08-24T14:15:34
resnet50,0.04756,0.847771167755127,imagenet12,prune,{'amount': 0.05},prune_amount_0.05,4,1886350916,False,2378,50000,47.12979316711426,64,cuda,,2.1.0,79017b1c9c255a37bbc6755352f0b0586319fa81,2026-08-24T14:16:22
resnet50,0.001,0.3124723434448242,imagenet12,quantization,"{'n_bits': 2, 'per_channel': True}",quant_2bit_perchannel,0,382167428,True,50,50000,53.37526845932007,64,cuda,,2.1.0,79017b1c9c255a37bbc6755352f0b0586319fa81,2026-08-24T14:17:17
resnet50,0.0069,0.3235926628112793,imagenet12,quantization,"{'n_bits': 4, 'per_channel': True}",quant_4bit_perchannel,0,1093355539,True,345,50000,52.817776918411255,64,cuda,,2.1.0,79017b1c9c255a37bbc6755352f0b0586319fa81,2026-08-24T14:18:10
resnet50,0.80718,0.27624058723449707,imagenet12,quantization,"{'n_bits': 8, 'per_channel': True}",quant_8bit_perchannel,0,1466474243,True,40359,50000,47.38531231880188,64,cuda,,2.1.0,79017b1c9c255a37bbc6755352f0b0586319fa81,2026-08-24T14:18:58
resnet101,0.819,1.1920928955078125e-06,imagenet12,original,{},original,0,822149026,True,40950,50000,61.00575089454651,64,cuda,,2.1.0,79017b1c9c255a37bbc6755352f0b0586319fa81,2026-08-24T14:20:00
resnet101,0.81902,0.12187504768371582,imagenet12,neuperm,{},neuperm,0,144482476,False,40951,50000,61.64664578437805,64,cuda,,2.1.0,79017b1c9c255a37bbc6755352f0b0586319fa81,2026-08-24T14:21:02
resnet101,0.81902,0.08959460258483887,imagenet12,neuperm,{},neuperm,1,353055336,False,40951,50000,61.038217544555664,64,cuda,,2.1.0,79017b1c9c255a37bbc6755352f0b0586319fa81,2026-08-24T14:22:04
resnet101,0.81902,0.07409000396728516,imagenet12,neuperm,{},neuperm,2,385163374,False,40951,50000,60.97000193595886,64,cuda,,2.1.0,79017b1c9c255a37bbc6755352f0b0586319fa81,2026-08-24T14:23:05
resnet101,0.81902,0.060344696044921875,imagenet12,neuperm,{},neuperm,3,395061066,False,40951,50000,62.506667137145996,64,cuda,,2.1.0,79017b1c9c255a37bbc6755352f0b0586319fa81,2026-08-24T14:24:08
resnet101,0.81904,0.06076312065124512,imagenet12,neuperm,{},neuperm,4,1905826838,False,40952,50000,61.39247274398804,64,cuda,,2.1.0,79017b1c9c255a37bbc6755352f0b0586319fa81,2026-08-24T14:25:09
resnet101,0.819,2.2824478149414062,imagenet12,noise,{'eps': 0.0001},noise_eps_1e-04,0,1286517596,False,40950,50000,63.20093607902527,64,cuda,,2.1.0,79017b1c9c255a37bbc6755352f0b0586319fa81,2026-08-24T14:26:15
resnet101,0.81912,2.2254552841186523,imagenet12,noise,{'eps': 0.0001},noise_eps_1e-04,1,441145683,False,40956,50000,62.80682682991028,64,cuda,,2.1.0,79017b1c9c255a37bbc6755352f0b0586319fa81,2026-08-24T14:27:20
resnet101,0.81834,2.1857411861419678,imagenet12,noise,{'eps': 0.0001},noise_eps_1e-04,2,1530706086,False,40917,50000,61.0033175945282,64,cuda,,2.1.0,79017b1c9c255a37bbc6755352f0b0586319fa81,2026-08-24T14:28:24
resnet101,0.81886,3.703296184539795,imagenet12,noise,{'eps': 0.0001},noise_eps_1e-04,3,711946128,False,40943,50000,62.311936140060425,64,cuda,,2.1.0,79017b1c9c255a37bbc6755352f0b0586319fa81,2026-08-24T14:29:30
resnet101,0.81896,2.101931571960449,imagenet12,noise,{'eps': 0.0001},noise_eps_1e-04,4,1273930466,False,40948,50000,61.88902711868286,64,cuda,,2.1.0,79017b1c9c255a37bbc6755352f0b0586319fa81,2026-08-24T14:30:34
resnet101,0.81662,2.06479811668396,imagenet12,noise,{'eps': 0.001},noise_eps_1e-03,0,819019008,False,40831,50000,64.24313998222351,64,cuda,,2.1.0,79017b1c9c255a37bbc6755352f0b0586319fa81,2026-08-24T14:31:41
resnet101,0.73832,2.1109659671783447,imagenet12,noise,{'eps': 0.001},noise_eps_1e-03,1,1841096613,False,36916,50000,62.54000425338745,64,cuda,,2.1.0,79017b1c9c255a37bbc6755352f0b0586319fa81,2026-08-24T14:32:46
resnet101,0.80874,2.1132545471191406,imagenet12,noise,{'eps': 0.001},noise_eps_1e-03,2,954232031,False,40437,50000,62.8551459312439,64,cuda,,2.1.0,79017b1c9c255a37bbc6755352f0b0586319fa81,2026-08-24T14:33:51
resnet101,0.75458,2.153162717819214,imagenet12,noise,{'eps': 0.001},noise_eps_1e-03,3,1907947393,False,37729,50000,61.87026023864746,64,cuda,,2.1.0,79017b1c9c255a37bbc6755352f0b0586319fa81,2026-08-24T14:34:55
resnet101,0.81642,2.1164870262145996,imagenet12,noise,{'eps': 0.001},noise_eps_1e-03,4,837018836,False,40821,50000,61.58625793457031,64,cuda,,2.1.0,79017b1c9c255a37bbc6755352f0b0586319fa81,2026-08-24T14:35:59
resnet101,0.00092,2.111473321914673,imagenet12,noise,{'eps': 0.01},noise_eps_1e-02,0,1287074641,False,46,50000,64.17991018295288,64,cuda,,2.1.0,79017b1c9c255a37bbc6755352f0b0586319fa81,2026-08-24T14:37:06
resnet101,0.00104,2.1628429889678955,imagenet12,noise,{'eps': 0.01},noise_eps_1e-02,1,1857948869,False,52,50000,62.55815267562866,64,cuda,,2.1.0,79017b1c9c255a37bbc6755352f0b0586319fa81,2026-08-24T14:38:10
resnet101,0.00128,2.294842004776001,imagenet12,noise,{'eps': 0.01},noise_eps_1e-02,2,661949219,False,64,50000,62.55067467689514,64,cuda,,2.1.0,79017b1c9c255a37bbc6755352f0b0586319fa81,2026-08-24T14:39:16
resnet101,0.00114,2.126736879348755,imagenet12,noise,{'eps': 0.01},noise_eps_1e-02,3,2117166338,False,57,50000,64.01781439781189,64,cuda,,2.1.0,79017b1c9c255a37bbc6755352f0b0586319fa81,2026-08-24T14:40:22
resnet101,0.00084,2.118048667907715,imagenet12,noise,{'eps': 0.01},noise_eps_1e-02,4,232644910,False,42,50000,62.905405044555664,64,cuda,,2.1.0,79017b1c9c255a37bbc6755352f0b0586319fa81,2026-08-24T14:41:27
resnet101,0.001,2.046107769012451,imagenet12,noise,{'eps': 0.1},noise_eps_1e-01,0,617406442,False,50,50000,64.02736282348633,64,cuda,,2.1.0,79017b1c9c255a37bbc6755352f0b0586319fa81,2026-08-24T14:42:33
resnet101,0.001,1.9971513748168945,imagenet12,noise,{'eps': 0.1},noise_eps_1e-01,1,112423864,False,50,50000,62.34176731109619,64,cuda,,2.1.0,79017b1c9c255a37bbc6755352f0b0586319fa81,2026-08-24T14:43:38
resnet101,0.001,2.100323438644409,imagenet12,noise,{'eps': 0.1},noise_eps_1e-01,2,2121121670,False,50,50000,63.90865182876587,64,cuda,,2.1.0,79017b1c9c255a37bbc6755352f0b0586319fa81,2026-08-24T14:44:44
resnet101,0.001,2.091088056564331,imagenet12,noise,{'eps': 0.1},noise_eps_1e-01,3,769277011,False,50,50000,61.29186511039734,64,cuda,,2.1.0,79017b1c9c255a37bbc6755352f0b0586319fa81,2026-08-24T14:45:48
resnet101,0.001,2.1165390014648438,imagenet12,noise,{'eps': 0.1},noise_eps_1e-01,4,1396507291,False,50,50000,63.04189610481262,64,cuda,,2.1.0,79017b1c9c255a37bbc6755352f0b0586319fa81,2026-08-24T14:46:53
resnet101,0.72108,1.233121395111084,imagenet12,prune,{'amount': 0.01},prune_amount_0.01,0,1265629185,False,36054,50000,60.520254135131836,64,cuda,,2.1.0,79017b1c9c255a37bbc6755352f0b0586319fa81,2026-08-24T14:47:55
resnet101,0.77732,1.2633297443389893,imagenet12,prune,{'amount': 0.01},prune_amount_0.01,1,1971045911,False,38866,50000,62.734833002090454,64,cuda,,2.1.0,79017b1c9c255a37bbc6755352f0b0586319fa81,2026-08-24T14:48:59
resnet101,0.73352,1.4410796165466309,imagenet12,prune,{'amount': 0.01},prune_amount_0.01,2,1479564735,False,36676,50000,62.126527547836304,64,cuda,,2.1.0,79017b1c9c255a37bbc6755352f0b0586319fa81,2026-08-24T14:50:03
resnet101,0.77184,1.2601041793823242,imagenet12,prune,{'amount': 0.01},prune_amount_0.01,3,1477201567,False,38592,50000,61.60602927207947,64,cuda,,2.1.0,79017b1c9c255a37bbc6755352f0b0586319fa81,2026-08-24T14:51:06
resnet101,0.74604,1.267282247543335,imagenet12,prune,{'amount': 0.01},prune_amount_0.01,4,1875905202,False,37302,50000,60.800302267074585,64,cuda,,2.1.0,79017b1c9c255a37bbc6755352f0b0586319fa81,2026-08-24T14:52:08
resnet101,0.1001,1.5528218746185303,imagenet12,prune,{'amount': 0.05},prune_amount_0.05,0,7632593,False,5005,50000,61.437092304229736,64,cuda,,2.1.0,79017b1c9c255a37bbc6755352f0b0586319fa81,2026-08-24T14:53:12
resnet101,0.12456,1.6294593811035156,imagenet12,prune,{'amount': 0.05},prune_amount_0.05,1,997468056,False,6228,50000,61.65381717681885,64,cuda,,2.1.0,79017b1c9c255a37bbc6755352f0b0586319fa81,2026-08-24T14:54:15
resnet101,0.04206,1.6206121444702148,imagenet12,prune,{'amount': 0.05},prune_amount_0.05,2,1734415532,False,2103,50000,60.90023756027222,64,cuda,,2.1.0,79017b1c9c255a37bbc6755352f0b0586319fa81,2026-08-24T14:55:18
resnet101,0.05102,1.6144614219665527,imagenet12,prune,{'amount': 0.05},prune_amount_0.05,3,1771648588,False,2551,50000,62.296950578689575,64,cuda,,2.1.0,79017b1c9c255a37bbc6755352f0b0586319fa81,2026-08-24T14:56:22
resnet101,0.12928,1.6058425903320312,imagenet12,prune,{'amount': 0.05},prune_amount_0.05,4,951252593,False,6464,50000,61.25000047683716,64,cuda,,2.1.0,79017b1c9c255a37bbc6755352f0b0586319fa81,2026-08-24T14:57:25
resnet101,0.001,0.45506906509399414,imagenet12,quantization,"{'n_bits': 2, 'per_channel': True}",quant_2bit_perchannel,0,2032951285,True,50,50000,60.14537167549133,64,cuda,,2.1.0,79017b1c9c255a37bbc6755352f0b0586319fa81,2026-08-24T14:58:26
resnet101,0.10364,0.4683518409729004,imagenet12,quantization,"{'n_bits': 4, 'per_channel': True}",quant_4bit_perchannel,0,1914806523,True,5182,50000,60.712801933288574,64,cuda,,2.1.0,79017b1c9c255a37bbc6755352f0b0586319fa81,2026-08-24T14:59:27
resnet101,0.81748,0.6693837642669678,imagenet12,quantization,"{'n_bits': 8, 'per_channel': True}",quant_8bit_perchannel,0,12160744,True,40874,50000,59.42738604545593,64,cuda,,2.1.0,79017b1c9c255a37bbc6755352f0b0586319fa81,2026-08-24T15:00:28
vgg11,0.69048,1.1920928955078125e-06,imagenet12,original,{},original,0,2095716249,True,34524,50000,49.2875874042511,64,cuda,,2.1.0,79017b1c9c255a37bbc6755352f0b0586319fa81,2026-08-24T15:01:19
vgg11,0.6905,0.11673521995544434,imagenet12,neuperm,{},neuperm,0,451173530,False,34525,50000,48.11159086227417,64,cuda,,2.1.0,79017b1c9c255a37bbc6755352f0b0586319fa81,2026-08-24T15:02:08
vgg11,0.69046,0.16956496238708496,imagenet12,neuperm,{},neuperm,1,162290754,False,34523,50000,47.966673135757446,64,cuda,,2.1.0,79017b1c9c255a37bbc6755352f0b0586319fa81,2026-08-24T15:02:56
vgg11,0.69042,0.11514568328857422,imagenet12,neuperm,{},neuperm,2,1931569846,False,34521,50000,49.32491850852966,64,cuda,,2.1.0,79017b1c9c255a37bbc6755352f0b0586319fa81,2026-08-24T15:03:46
vgg11,0.69046,0.13592219352722168,imagenet12,neuperm,{},neuperm,3,1959281665,False,34523,50000,48.94092416763306,64,cuda,,2.1.0,79017b1c9c255a37bbc6755352f0b0586319fa81,2026-08-24T15:04:35
vgg11,0.69046,0.1584949493408203,imagenet12,neuperm,{},neuperm,4,674178476,False,34523,50000,48.50535869598389,64,cuda,,2.1.0,79017b1c9c255a37bbc6755352f0b0586319fa81,2026-08-24T15:05:24
vgg11,0.69016,7.3548314571380615,imagenet12,noise,{'eps': 0.0001},noise_eps_1e-04,0,907338231,False,34508,50000,46.233508586883545,64,cuda,,2.1.0,79017b1c9c255a37bbc6755352f0b0586319fa81,2026-08-24T15:06:18
vgg11,0.6902,7.729394435882568,imagenet12,noise,{'eps': 0.0001},noise_eps_1e-04,1,122367469,False,34510,50000,50.08643865585327,64,cuda,,2.1.0,79017b1c9c255a37bbc6755352f0b0586319fa81,2026-08-24T15:07:16
vgg11,0.69036,8.634620428085327,imagenet12,noise,{'eps': 0.0001},noise_eps_1e-04,2,639999236,False,34518,50000,49.46639108657837,64,cuda,,2.1.0,79017b1c9c255a37bbc6755352f0b0586319fa81,2026-08-24T15:08:14
vgg11,0.69054,5.792021989822388,imagenet12,noise,{'eps': 0.0001},noise_eps_1e-04,3,1009945317,False,34527,50000,46.91530966758728,64,cuda,,2.1.0,79017b1c9c255a37bbc6755352f0b0586319fa81,2026-08-24T15:09:07
vgg11,0.69042,6.470527172088623,imagenet12,noise,{'eps': 0.0001},noise_eps_1e-04,4,1010307243,False,34521,50000,47.26633667945862,64,cuda,,2.1.0,79017b1c9c255a37bbc6755352f0b0586319fa81,2026-08-24T15:10:01
vgg11,0.6898,5.5474464893341064,imagenet12,noise,{'eps': 0.001},noise_eps_1e-03,0,1101800099,False,34490,50000,49.57924437522888,64,cuda,,2.1.0,79017b1c9c255a37bbc6755352f0b0586319fa81,2026-08-24T15:10:56
vgg11,0.68954,7.630954027175903,imagenet12,noise,{'eps': 0.001},noise_eps_1e-03,1,1587562035,False,34477,50000,49.084726095199585,64,cuda,,2.1.0,79017b1c9c255a37bbc6755352f0b0586319fa81,2026-08-24T15:11:53
vgg11,0.68946,7.488185405731201,imagenet12,noise,{'eps': 0.001},noise_eps_1e-03,2,1825990021,False,34473,50000,50.0355966091156,64,cuda,,2.1.0,79017b1c9c255a37bbc6755352f0b0586319fa81,2026-08-24T15:12:50
vgg11,0.68948,7.267401695251465,imagenet12,noise,{'eps': 0.001},noise_eps_1e-03,3,1753482157,False,34474,50000,48.32272911071777,64,cuda,,2.1.0,79017b1c9c255a37bbc6755352f0b0586319fa81,2026-08-24T15:13:46
vgg11,0.68924,6.003344535827637,imagenet12,noise,{'eps': 0.001},noise_eps_1e-03,4,347647600,False,34462,50000,49.158838748931885,64,cuda,,2.1.0,79017b1c9c255a37bbc6755352f0b0586319fa81,2026-08-24T15:14:42
vgg11,0.6137,5.790268659591675,imagenet12,noise,{'eps': 0.01},noise_eps_1e-02,0,634946819,False,30685,50000,49.16942739486694,64,cuda,,2.1.0,79017b1c9c255a37bbc6755352f0b0586319fa81,2026-08-24T15:15:37
vgg11,0.6032,5.702479124069214,imagenet12,noise,{'eps': 0.01},noise_eps_1e-02,1,707674062,False,30160,50000,49.26837134361267,64,cuda,,2.1.0,79017b1c9c255a37bbc6755352f0b0586319fa81,2026-08-24T15:16:32
vgg11,0.60692,6.518218755722046,imagenet12,noise,{'eps': 0.01},noise_eps_1e-02,2,2089400026,False,30346,50000,50.030595779418945,64,cuda,,2.1.0,79017b1c9c255a37bbc6755352f0b0586319fa81,2026-08-24T15:17:28
vgg11,0.60726,6.479155540466309,imagenet12,noise,{'eps': 0.01},noise_eps_1e-02,3,1722609944,False,30363,50000,49.88724660873413,64,cuda,,2.1.0,79017b1c9c255a37bbc6755352f0b0586319fa81,2026-08-24T15:18:25
vgg11,0.60896,6.274437665939331,imagenet12,noise,{'eps': 0.01},noise_eps_1e-02,4,1464760627,False,30448,50000,50.87922930717468,64,cuda,,2.1.0,79017b1c9c255a37bbc6755352f0b0586319fa81,2026-08-24T15:19:22
vgg11,0.00072,6.952296733856201,imagenet12,noise,{'eps': 0.1},noise_eps_1e-01,0,1759965778,False,36,50000,50.21126747131348,64,cuda,,2.1.0,79017b1c9c255a37bbc6755352f0b0586319fa81,2026-08-24T15:20:20
vgg11,0.00102,6.216291666030884,imagenet12,noise,{'eps': 0.1},noise_eps_1e-01,1,151751997,False,51,50000,48.84555959701538,64,cuda,,2.1.0,79017b1c9c255a37bbc6755352f0b0586319fa81,2026-08-24T15:21:15
vgg11,0.0011,6.927733898162842,imagenet12,noise,{'eps': 0.1},noise_eps_1e-01,2,747782961,False,55,50000,49.1688871383667,64,cuda,,2.1.0,79017b1c9c255a37bbc6755352f0b0586319fa81,2026-08-24T15:22:11
vgg11,0.00106,5.688709497451782,imagenet12,noise,{'eps': 0.1},noise_eps_1e-01,3,1780265797,False,53,50000,47.69915318489075,64,cuda,,2.1.0,79017b1c9c255a37bbc6755352f0b0586319fa81,2026-08-24T15:23:05
vgg11,0.00098,4.927312850952148,imagenet12,noise,{'eps': 0.1},noise_eps_1e-01,4,1342988255,False,49,50000,47.96844673156738,64,cuda,,2.1.0,79017b1c9c255a37bbc6755352f0b0586319fa81,2026-08-24T15:23:58
vgg11,0.64124,4.419116020202637,imagenet12,prune,{'amount': 0.01},prune_amount_0.01,0,826731559,False,32062,50000,50.646734952926636,64,cuda,,2.1.0,79017b1c9c255a37bbc6755352f0b0586319fa81,2026-08-24T15:24:53
vgg11,0.6609,4.33535099029541,imagenet12,prune,{'amount': 0.01},prune_amount_0.01,1,288571554,False,33045,50000,48.034751415252686,64,cuda,,2.1.0,79017b1c9c255a37bbc6755352f0b0586319fa81,2026-08-24T15:25:46
vgg11,0.65608,5.1581292152404785,imagenet12,prune,{'amount': 0.01},prune_amount_0.01,2,1034145205,False,32804,50000,47.65371012687683,64,cuda,,2.1.0,79017b1c9c255a37bbc6755352f0b0586319fa81,2026-08-24T15:26:39
vgg11,0.65372,5.497856378555298,imagenet12,prune,{'amount': 0.01},prune_amount_0.01,3,25389712,False,32686,50000,47.32641935348511,64,cuda,,2.1.0,79017b1c9c255a37bbc6755352f0b0586319fa81,2026-08-24T15:27:32
vgg11,0.6539,4.722571134567261,imagenet12,prune,{'amount': 0.01},prune_amount_0.01,4,1492068014,False,32695,50000,48.12407636642456,64,cuda,,2.1.0,79017b1c9c255a37bbc6755352f0b0586319fa81,2026-08-24T15:28:25
vgg11,0.41944,5.081910610198975,imagenet12,prune,{'amount': 0.05},prune_amount_0.05,0,1207871392,False,20972,50000,49.598440647125244,64,cuda,,2.1.0,79017b1c9c255a37bbc6755352f0b0586319fa81,2026-08-24T15:29:20
vgg11,0.39382,5.490114450454712,imagenet12,prune,{'amount': 0.05},prune_amount_0.05,1,681634176,False,19691,50000,48.47683238983154,64,cuda,,2.1.0,79017b1c9c255a37bbc6755352f0b0586319fa81,2026-08-24T15:30:14
vgg11,0.46434,6.747060537338257,imagenet12,prune,{'amount': 0.05},prune_amount_0.05,2,563109036,False,23217,50000,47.00265693664551,64,cuda,,2.1.0,79017b1c9c255a37bbc6755352f0b0586319fa81,2026-08-24T15:31:08
vgg11,0.40178,5.959548473358154,imagenet12,prune,{'amount': 0.05},prune_amount_0.05,3,1043293256,False,20089,50000,48.62254810333252,64,cuda,,2.1.0,79017b1c9c255a37bbc6755352f0b0586319fa81,2026-08-24T15:32:03
vgg11,0.31038,4.907456398010254,imagenet12,prune,{'amount': 0.05},prune_amount_0.05,4,1965939194,False,15519,50000,48.026203632354736,64,cuda,,2.1.0,79017b1c9c255a37bbc6755352f0b0586319fa81,2026-08-24T15:32:56
vgg11,0.001,0.5063202381134033,imagenet12,quantization,"{'n_bits': 2, 'per_channel': True}",quant_2bit_perchannel,0,2089636549,True,50,50000,48.37448787689209,64,cuda,,2.1.0,79017b1c9c255a37bbc6755352f0b0586319fa81,2026-08-24T15:33:45
vgg11,0.59372,0.48462367057800293,imagenet12,quantization,"{'n_bits': 4, 'per_channel': True}",quant_4bit_perchannel,0,206835382,True,29686,50000,50.71913003921509,64,cuda,,2.1.0,79017b1c9c255a37bbc6755352f0b0586319fa81,2026-08-24T15:34:37
vgg11,0.68998,0.46053075790405273,imagenet12,quantization,"{'n_bits': 8, 'per_channel': True}",quant_8bit_perchannel,0,1846847658,True,34499,50000,50.37960243225098,64,cuda,,2.1.0,79017b1c9c255a37bbc6755352f0b0586319fa81,2026-08-24T15:35:28
vgg16,0.71586,9.5367431640625e-07,imagenet12,original,{},original,0,1253812180,True,35793,50000,66.23087549209595,64,cuda,,2.1.0,79017b1c9c255a37bbc6755352f0b0586319fa81,2026-08-24T15:36:36
vgg16,0.71584,0.14545130729675293,imagenet12,neuperm,{},neuperm,0,2068420067,False,35792,50000,65.46556568145752,64,cuda,,2.1.0,79017b1c9c255a37bbc6755352f0b0586319fa81,2026-08-24T15:37:42
vgg16,0.7158,0.16530060768127441,imagenet12,neuperm,{},neuperm,1,575614742,False,35790,50000,65.23632502555847,64,cuda,,2.1.0,79017b1c9c255a37bbc6755352f0b0586319fa81,2026-08-24T15:38:48
vgg16,0.7158,0.16495728492736816,imagenet12,neuperm,{},neuperm,2,1295808843,False,35790,50000,66.20642280578613,64,cuda,,2.1.0,79017b1c9c255a37bbc6755352f0b0586319fa81,2026-08-24T15:39:54
vgg16,0.7158,0.15842604637145996,imagenet12,neuperm,{},neuperm,3,1525722085,False,35790,50000,65.82330894470215,64,cuda,,2.1.0,79017b1c9c255a37bbc6755352f0b0586319fa81,2026-08-24T15:41:00
vgg16,0.71582,0.1860499382019043,imagenet12,neuperm,{},neuperm,4,837722373,False,35791,50000,65.19210815429688,64,cuda,,2.1.0,79017b1c9c255a37bbc6755352f0b0586319fa81,2026-08-24T15:42:06
vgg16,0.71572,6.883449554443359,imagenet12,noise,{'eps': 0.0001},noise_eps_1e-04,0,255218694,False,35786,50000,66.39587044715881,64,cuda,,2.1.0,79017b1c9c255a37bbc6755352f0b0586319fa81,2026-08-24T15:43:19
vgg16,0.71566,20.366748571395874,imagenet12,noise,{'eps': 0.0001},noise_eps_1e-04,1,1897352340,False,35783,50000,65.99372577667236,64,cuda,,2.1.0,79017b1c9c255a37bbc6755352f0b0586319fa81,2026-08-24T15:44:46
vgg16,0.7159,9.044881343841553,imagenet12,noise,{'eps': 0.0001},noise_eps_1e-04,2,1057711087,False,35795,50000,67.10008120536804,64,cuda,,2.1.0,79017b1c9c255a37bbc6755352f0b0586319fa81,2026-08-24T15:46:02
vgg16,0.71576,6.8332860469818115,imagenet12,noise,{'eps': 0.0001},noise_eps_1e-04,3,1202027766,False,35788,50000,65.51684904098511,64,cuda,,2.1.0,79017b1c9c255a37bbc6755352f0b0586319fa81,2026-08-24T15:47:15
vgg16,0.71586,7.673484802246094,imagenet12,noise,{'eps': 0.0001},noise_eps_1e-04,4,772626114,False,35793,50000,66.23893308639526,64,cuda,,2.1.0,79017b1c9c255a37bbc6755352f0b0586319fa81,2026-08-24T15:48:29
vgg16,0.71562,8.608817100524902,imagenet12,noise,{'eps': 0.001},noise_eps_1e-03,0,812847776,False,35781,50000,69.62356615066528,64,cuda,,2.1.0,79017b1c9c255a37bbc6755352f0b0586319fa81,2026-08-24T15:49:48
vgg16,0.71506,6.67926812171936,imagenet12,noise,{'eps': 0.001},noise_eps_1e-03,1,895343579,False,35753,50000,66.5745701789856,64,cuda,,2.1.0,79017b1c9c255a37bbc6755352f0b0586319fa81,2026-08-24T15:51:01
vgg16,0.71466,9.411394119262695,imagenet12,noise,{'eps': 0.001},noise_eps_1e-03,2,1484608913,False,35733,50000,67.08014988899231,64,cuda,,2.1.0,79017b1c9c255a37bbc6755352f0b0586319fa81,2026-08-24T15:52:18
vgg16,0.71546,7.731565713882446,imagenet12,noise,{'eps': 0.001},noise_eps_1e-03,3,1316175282,False,35773,50000,68.13485789299011,64,cuda,,2.1.0,79017b1c9c255a37bbc6755352f0b0586319fa81,2026-08-24T15:53:34
vgg16,0.71554,10.574004650115967,imagenet12,noise,{'eps': 0.001},noise_eps_1e-03,4,419604305,False,35777,50000,67.60085725784302,64,cuda,,2.1.0,79017b1c9c255a37bbc6755352f0b0586319fa81,2026-08-24T15:54:53
vgg16,0.6205,6.535910606384277,imagenet12,noise,{'eps': 0.01},noise_eps_1e-02,0,1974452294,False,31025,50000,68.94622707366943,64,cuda,,2.1.0,79017b1c9c255a37bbc6755352f0b0586319fa81,2026-08-24T15:56:08
vgg16,0.60426,7.7521421909332275,imagenet12,noise,{'eps': 0.01},noise_eps_1e-02,1,2015458321,False,30213,50000,68.74269413948059,64,cuda,,2.1.0,79017b1c9c255a37bbc6755352f0b0586319fa81,2026-08-24T15:57:25
vgg16,0.62882,8.230393409729004,imagenet12,noise,{'eps': 0.01},noise_eps_1e-02,2,1622954014,False,31441,50000,68.74044585227966,64,cuda,,2.1.0,79017b1c9c255a37bbc6755352f0b0586319fa81,2026-08-24T15:58:42
vgg16,0.62532,9.424306154251099,imagenet12,noise,{'eps': 0.01},noise_eps_1e-02,3,1481422550,False,31266,50000,66.1611328125,64,cuda,,2.1.0,79017b1c9c255a37bbc6755352f0b0586319fa81,2026-08-24T15:59:58
vgg16,0.6273,7.349532604217529,imagenet12,noise,{'eps': 0.01},noise_eps_1e-02,4,1305942695,False,31365,50000,65.73357820510864,64,cuda,,2.1.0,79017b1c9c255a37bbc6755352f0b0586319fa81,2026-08-24T16:01:11
vgg16,0.0008,7.061494827270508,imagenet12,noise,{'eps': 0.1},noise_eps_1e-01,0,1084552007,False,40,50000,67.83889889717102,64,cuda,,2.1.0,79017b1c9c255a37bbc6755352f0b0586319fa81,2026-08-24T16:02:27
vgg16,0.001,9.844483852386475,imagenet12,noise,{'eps': 0.1},noise_eps_1e-01,1,1626738517,False,50,50000,66.06739902496338,64,cuda,,2.1.0,79017b1c9c255a37bbc6755352f0b0586319fa81,2026-08-24T16:03:43
vgg16,0.00092,6.397965431213379,imagenet12,noise,{'eps': 0.1},noise_eps_1e-01,2,643238312,False,46,50000,65.7139983177185,64,cuda,,2.1.0,79017b1c9c255a37bbc6755352f0b0586319fa81,2026-08-24T16:04:55
vgg16,0.00104,7.254461050033569,imagenet12,noise,{'eps': 0.1},noise_eps_1e-01,3,1781797083,False,52,50000,64.93420195579529,64,cuda,,2.1.0,79017b1c9c255a37bbc6755352f0b0586319fa81,2026-08-24T16:06:08
vgg16,0.00114,7.065370321273804,imagenet12,noise,{'eps': 0.1},noise_eps_1e-01,4,565076384,False,57,50000,67.39323806762695,64,cuda,,2.1.0,79017b1c9c255a37bbc6755352f0b0586319fa81,2026-08-24T16:07:22
vgg16,0.71092,6.125494003295898,imagenet12,prune,{'amount': 0.01},prune_amount_0.01,0,1161603622,False,35546,50000,66.0303122997284,64,cuda,,2.1.0,79017b1c9c255a37bbc6755352f0b0586319fa81,2026-08-24T16:08:35
vgg16,0.70804,5.343806982040405,imagenet12,prune,{'amount': 0.01},prune_amount_0.01,1,1680138592,False,35402,50000,66.27474808692932,64,cuda,,2.1.0,79017b1c9c255a37bbc6755352f0b0586319fa81,2026-08-24T16:09:47
vgg16,0.70012,4.831938743591309,imagenet12,prune,{'amount': 0.01},prune_amount_0.01,2,247759539,False,35006,50000,65.93693232536316,64,cuda,,2.1.0,79017b1c9c255a37bbc6755352f0b0586319fa81,2026-08-24T16:10:57
vgg16,0.65908,6.0177998542785645,imagenet12,prune,{'amount': 0.01},prune_amount_0.01,3,125630634,False,32954,50000,66.22256898880005,64,cuda,,2.1.0,79017b1c9c255a37bbc6755352f0b0586319fa81,2026-08-24T16:12:10
vgg16,0.70574,6.530100345611572,imagenet12,prune,{'amount': 0.01},prune_amount_0.01,4,475226867,False,35287,50000,67.79632925987244,64,cuda,,2.1.0,79017b1c9c255a37bbc6755352f0b0586319fa81,2026-08-24T16:13:25
vgg16,0.55936,5.780613899230957,imagenet12,prune,{'amount': 0.05},prune_amount_0.05,0,1040146107,False,27968,50000,65.62254166603088,64,cuda,,2.1.0,79017b1c9c255a37bbc6755352f0b0586319fa81,2026-08-24T16:14:36
vgg16,0.62862,6.3038389682769775,imagenet12,prune,{'amount': 0.05},prune_amount_0.05,1,583824728,False,31431,50000,68.0511884689331,64,cuda,,2.1.0,79017b1c9c255a37bbc6755352f0b0586319fa81,2026-08-24T16:15:51
vgg16,0.60932,6.664069890975952,imagenet12,prune,{'amount': 0.05},prune_amount_0.05,2,538975466,False,30466,50000,66.36170530319214,64,cuda,,2.1.0,79017b1c9c255a37bbc6755352f0b0586319fa81,2026-08-24T16:17:04
vgg16,0.65806,6.172243356704712,imagenet12,prune,{'amount': 0.05},prune_amount_0.05,3,1509023160,False,32903,50000,69.0200080871582,64,cuda,,2.1.0,79017b1c9c255a37bbc6755352f0b0586319fa81,2026-08-24T16:18:20
vgg16,0.58924,6.6112236976623535,imagenet12,prune,{'amount': 0.05},prune_amount_0.05,4,131754784,False,29462,50000,64.82858395576477,64,cuda,,2.1.0,79017b1c9c255a37bbc6755352f0b0586319fa81,2026-08-24T16:19:31
vgg16,0.001,0.4844803810119629,imagenet12,quantization,"{'n_bits': 2, 'per_channel': True}",quant_2bit_perchannel,0,941180150,True,50,50000,68.30346035957336,64,cuda,,2.1.0,79017b1c9c255a37bbc6755352f0b0586319fa81,2026-08-24T16:20:40
vgg16,0.6786,0.6792335510253906,imagenet12,quantization,"{'n_bits': 4, 'per_channel': True}",quant_4bit_perchannel,0,2131868372,True,33930,50000,69.04275894165039,64,cuda,,2.1.0,79017b1c9c255a37bbc6755352f0b0586319fa81,2026-08-24T16:21:50
vgg16,0.71634,0.7518460750579834,imagenet12,quantization,"{'n_bits': 8, 'per_channel': True}",quant_8bit_perchannel,0,120160729,True,35817,50000,66.77808046340942,64,cuda,,2.1.0,79017b1c9c255a37bbc6755352f0b0586319fa81,2026-08-24T16:22:58
efficientnet_b0,0.77692,1.1920928955078125e-06,imagenet12,original,{},original,0,1306846159,True,38846,50000,56.84817624092102,64,cuda,,2.1.0,79017b1c9c255a37bbc6755352f0b0586319fa81,2026-08-24T16:23:56
efficientnet_b0,0.77692,0.025167465209960938,imagenet12,neuperm,{},neuperm,0,1419376142,False,38846,50000,55.957706451416016,64,cuda,,2.1.0,79017b1c9c255a37bbc6755352f0b0586319fa81,2026-08-24T16:24:52
efficientnet_b0,0.77692,0.03843879699707031,imagenet12,neuperm,{},neuperm,1,1787183994,False,38846,50000,56.43757939338684,64,cuda,,2.1.0,79017b1c9c255a37bbc6755352f0b0586319fa81,2026-08-24T16:25:48
efficientnet_b0,0.77694,0.023248672485351562,imagenet12,neuperm,{},neuperm,2,2109141202,False,38847,50000,58.57446503639221,64,cuda,,2.1.0,79017b1c9c255a37bbc6755352f0b0586319fa81,2026-08-24T16:26:47
efficientnet_b0,0.77692,0.023983240127563477,imagenet12,neuperm,{},neuperm,3,1142494752,False,38846,50000,57.177448987960815,64,cuda,,2.1.0,79017b1c9c255a37bbc6755352f0b0586319fa81,2026-08-24T16:27:44
efficientnet_b0,0.77692,0.027653932571411133,imagenet12,neuperm,{},neuperm,4,904900566,False,38846,50000,57.87202072143555,64,cuda,,2.1.0,79017b1c9c255a37bbc6755352f0b0586319fa81,2026-08-24T16:28:42
efficientnet_b0,0.77704,0.3148162364959717,imagenet12,noise,{'eps': 0.0001},noise_eps_1e-04,0,662351668,False,38852,50000,55.231446266174316,64,cuda,,2.1.0,79017b1c9c255a37bbc6755352f0b0586319fa81,2026-08-24T16:29:38
efficientnet_b0,0.777,0.24513912200927734,imagenet12,noise,{'eps': 0.0001},noise_eps_1e-04,1,1005028612,False,38850,50000,55.2882936000824,64,cuda,,2.1.0,79017b1c9c255a37bbc6755352f0b0586319fa81,2026-08-24T16:30:34
efficientnet_b0,0.77684,0.2447986602783203,imagenet12,noise,{'eps': 0.0001},noise_eps_1e-04,2,191664718,False,38842,50000,56.28559923171997,64,cuda,,2.1.0,79017b1c9c255a37bbc6755352f0b0586319fa81,2026-08-24T16:31:30
efficientnet_b0,0.77668,0.1948690414428711,imagenet12,noise,{'eps': 0.0001},noise_eps_1e-04,3,1218385593,False,38834,50000,57.510701417922974,64,cuda,,2.1.0,79017b1c9c255a37bbc6755352f0b0586319fa81,2026-08-24T16:32:28
efficientnet_b0,0.7769,0.19860100746154785,imagenet12,noise,{'eps': 0.0001},noise_eps_1e-04,4,919922410,False,38845,50000,57.49919581413269,64,cuda,,2.1.0,79017b1c9c255a37bbc6755352f0b0586319fa81,2026-08-24T16:33:26
efficientnet_b0,0.77536,0.23692679405212402,imagenet12,noise,{'eps': 0.001},noise_eps_1e-03,0,1697893300,False,38768,50000,58.085291147232056,64,cuda,,2.1.0,79017b1c9c255a37bbc6755352f0b0586319fa81,2026-08-24T16:34:24
efficientnet_b0,0.77594,0.3456118106842041,imagenet12,noise,{'eps': 0.001},noise_eps_1e-03,1,20433541,False,38797,50000,57.74719834327698,64,cuda,,2.1.0,79017b1c9c255a37bbc6755352f0b0586319fa81,2026-08-24T16:35:23
efficientnet_b0,0.77628,0.24634575843811035,imagenet12,noise,{'eps': 0.001},noise_eps_1e-03,2,1027649722,False,38814,50000,58.29334092140198,64,cuda,,2.1.0,79017b1c9c255a37bbc6755352f0b0586319fa81,2026-08-24T16:36:21
efficientnet_b0,0.77634,0.2554640769958496,imagenet12,noise,{'eps': 0.001},noise_eps_1e-03,3,1185495927,False,38817,50000,54.82179141044617,64,cuda,,2.1.0,79017b1c9c255a37bbc6755352f0b0586319fa81,2026-08-24T16:37:16
efficientnet_b0,0.77664,0.3040890693664551,imagenet12,noise,{'eps': 0.001},noise_eps_1e-03,4,519699198,False,38832,50000,58.030529499053955,64,cuda,,2.1.0,79017b1c9c255a37bbc6755352f0b0586319fa81,2026-08-24T16:38:15
efficientnet_b0,0.704,0.24351763725280762,imagenet12,noise,{'eps': 0.01},noise_eps_1e-02,0,1304907569,False,35200,50000,58.49945521354675,64,cuda,,2.1.0,79017b1c9c255a37bbc6755352f0b0586319fa81,2026-08-24T16:39:14
efficientnet_b0,0.71336,0.2772831916809082,imagenet12,noise,{'eps': 0.01},noise_eps_1e-02,1,1594477811,False,35668,50000,56.2551372051239,64,cuda,,2.1.0,79017b1c9c255a37bbc6755352f0b0586319fa81,2026-08-24T16:40:10
efficientnet_b0,0.70322,0.19640684127807617,imagenet12,noise,{'eps': 0.01},noise_eps_1e-02,2,288081193,False,35161,50000,58.64839148521423,64,cuda,,2.1.0,79017b1c9c255a37bbc6755352f0b0586319fa81,2026-08-24T16:41:09
efficientnet_b0,0.70008,0.294313907623291,imagenet12,noise,{'eps': 0.01},noise_eps_1e-02,3,1985931203,False,35004,50000,58.28515982627869,64,cuda,,2.1.0,79017b1c9c255a37bbc6755352f0b0586319fa81,2026-08-24T16:42:08
efficientnet_b0,0.71488,0.3070340156555176,imagenet12,noise,{'eps': 0.01},noise_eps_1e-02,4,450041641,False,35744,50000,55.073588609695435,64,cuda,,2.1.0,79017b1c9c255a37bbc6755352f0b0586319fa81,2026-08-24T16:43:04
efficientnet_b0,0.00078,0.24481463432312012,imagenet12,noise,{'eps': 0.1},noise_eps_1e-01,0,53078060,False,39,50000,58.27154350280762,64,cuda,,2.1.0,79017b1c9c255a37bbc6755352f0b0586319fa81,2026-08-24T16:44:02
efficientnet_b0,0.00106,0.30951666831970215,imagenet12,noise,{'eps': 0.1},noise_eps_1e-01,1,1650319361,False,53,50000,54.69227313995361,64,cuda,,2.1.0,79017b1c9c255a37bbc6755352f0b0586319fa81,2026-08-24T16:44:57
efficientnet_b0,0.00078,0.24599027633666992,imagenet12,noise,{'eps': 0.1},noise_eps_1e-01,2,1294760139,False,39,50000,55.468783140182495,64,cuda,,2.1.0,79017b1c9c255a37bbc6755352f0b0586319fa81,2026-08-24T16:45:53
efficientnet_b0,0.00108,0.24750447273254395,imagenet12,noise,{'eps': 0.1},noise_eps_1e-01,3,850509857,False,54,50000,58.953673362731934,64,cuda,,2.1.0,79017b1c9c255a37bbc6755352f0b0586319fa81,2026-08-24T16:46:52
efficientnet_b0,0.001,0.2753152847290039,imagenet12,noise,{'eps': 0.1},noise_eps_1e-01,4,876490581,False,50,50000,56.6796612739563,64,cuda,,2.1.0,79017b1c9c255a37bbc6755352f0b0586319fa81,2026-08-24T16:47:49
efficientnet_b0,0.02416,0.13471102714538574,imagenet12,prune,{'amount': 0.01},prune_amount_0.01,0,179546010,False,1208,50000,56.64789605140686,64,cuda,,2.1.0,79017b1c9c255a37bbc6755352f0b0586319fa81,2026-08-24T16:48:46
efficientnet_b0,0.32556,0.17190146446228027,imagenet12,prune,{'amount': 0.01},prune_amount_0.01,1,904272643,False,16278,50000,55.66764688491821,64,cuda,,2.1.0,79017b1c9c255a37bbc6755352f0b0586319fa81,2026-08-24T16:49:42
efficientnet_b0,0.48708,0.20942044258117676,imagenet12,prune,{'amount': 0.01},prune_amount_0.01,2,1778550579,False,24354,50000,56.21950364112854,64,cuda,,2.1.0,79017b1c9c255a37bbc6755352f0b0586319fa81,2026-08-24T16:50:39
efficientnet_b0,0.01288,0.15232396125793457,imagenet12,prune,{'amount': 0.01},prune_amount_0.01,3,1061010185,False,644,50000,57.7655873298645,64,cuda,,2.1.0,79017b1c9c255a37bbc6755352f0b0586319fa81,2026-08-24T16:51:37
efficientnet_b0,0.00714,0.2231276035308838,imagenet12,prune,{'amount': 0.01},prune_amount_0.01,4,325426496,False,357,50000,56.249106884002686,64,cuda,,2.1.0,79017b1c9c255a37bbc6755352f0b0586319fa81,2026-08-24T16:52:33
efficientnet_b0,0.00148,0.19278860092163086,imagenet12,prune,{'amount': 0.05},prune_amount_0.05,0,430504044,False,74,50000,56.60169053077698,64,cuda,,2.1.0,79017b1c9c255a37bbc6755352f0b0586319fa81,2026-08-24T16:53:30
efficientnet_b0,0.00162,0.1959209442138672,imagenet12,prune,{'amount': 0.05},prune_amount_0.05,1,105486738,False,81,50000,55.1019229888916,64,cuda,,2.1.0,79017b1c9c255a37bbc6755352f0b0586319fa81,2026-08-24T16:54:26
efficientnet_b0,0.0029,0.2738971710205078,imagenet12,prune,{'amount': 0.05},prune_amount_0.05,2,344044782,False,145,50000,56.702396631240845,64,cuda,,2.1.0,79017b1c9c255a37bbc6755352f0b0586319fa81,2026-08-24T16:55:23
efficientnet_b0,0.00164,0.22594928741455078,imagenet12,prune,{'amount': 0.05},prune_amount_0.05,3,819225685,False,82,50000,55.884095430374146,64,cuda,,2.1.0,79017b1c9c255a37bbc6755352f0b0586319fa81,2026-08-24T16:56:19
efficientnet_b0,0.00112,0.267927885055542,imagenet12,prune,{'amount': 0.05},prune_amount_0.05,4,694500123,False,56,50000,56.25783061981201,64,cuda,,2.1.0,79017b1c9c255a37bbc6755352f0b0586319fa81,2026-08-24T16:57:16
efficientnet_b0,0.001,0.5025904178619385,imagenet12,quantization,"{'n_bits': 2, 'per_channel': True}",quant_2bit_perchannel,0,1118559120,True,50,50000,54.554232597351074,64,cuda,,2.1.0,79017b1c9c255a37bbc6755352f0b0586319fa81,2026-08-24T16:58:11
efficientnet_b0,0.0011,0.5052647590637207,imagenet12,quantization,"{'n_bits': 4, 'per_channel': True}",quant_4bit_perchannel,0,1330362978,True,55,50000,57.22053551673889,64,cuda,,2.1.0,79017b1c9c255a37bbc6755352f0b0586319fa81,2026-08-24T16:59:09
efficientnet_b0,0.76914,0.3836178779602051,imagenet12,quantization,"{'n_bits': 8, 'per_channel': True}",quant_8bit_perchannel,0,1140332021,True,38457,50000,56.69881749153137,64,cuda,,2.1.0,79017b1c9c255a37bbc6755352f0b0586319fa81,2026-08-24T17:00:06
efficientnet_b4,0.83392,9.5367431640625e-07,imagenet12,original,{},original,0,1766744482,True,41696,50000,184.43074989318848,64,cuda,,2.1.0,79017b1c9c255a37bbc6755352f0b0586319fa81,2026-08-24T17:03:11
efficientnet_b4,0.83398,0.1218719482421875,imagenet12,neuperm,{},neuperm,0,1395794361,False,41699,50000,173.902845621109,64,cuda,,2.1.0,79017b1c9c255a37bbc6755352f0b0586319fa81,2026-08-24T17:06:05
efficientnet_b4,0.83396,0.09472060203552246,imagenet12,neuperm,{},neuperm,1,1320787382,False,41698,50000,174.38940000534058,64,cuda,,2.1.0,79017b1c9c255a37bbc6755352f0b0586319fa81,2026-08-24T17:09:00
efficientnet_b4,0.83394,0.08114457130432129,imagenet12,neuperm,{},neuperm,2,379176811,False,41697,50000,174.64134812355042,64,cuda,,2.1.0,79017b1c9c255a37bbc6755352f0b0586319fa81,2026-08-24T17:11:55
efficientnet_b4,0.83398,0.05741381645202637,imagenet12,neuperm,{},neuperm,3,1484275558,False,41699,50000,186.92640352249146,64,cuda,,2.1.0,79017b1c9c255a37bbc6755352f0b0586319fa81,2026-08-24T17:15:02
efficientnet_b4,0.83396,0.07127642631530762,imagenet12,neuperm,{},neuperm,4,905668207,False,41698,50000,176.01409339904785,64,cuda,,2.1.0,79017b1c9c255a37bbc6755352f0b0586319fa81,2026-08-24T17:17:59
efficientnet_b4,0.83388,1.001847743988037,imagenet12,noise,{'eps': 0.0001},noise_eps_1e-04,0,867165275,False,41694,50000,180.48307085037231,64,cuda,,2.1.0,79017b1c9c255a37bbc6755352f0b0586319fa81,2026-08-24T17:21:00
efficientnet_b4,0.83396,0.7425680160522461,imagenet12,noise,{'eps': 0.0001},noise_eps_1e-04,1,1914384889,False,41698,50000,177.91494989395142,64,cuda,,2.1.0,79017b1c9c255a37bbc6755352f0b0586319fa81,2026-08-24T17:23:59
efficientnet_b4,0.83402,1.0773720741271973,imagenet12,noise,{'eps': 0.0001},noise_eps_1e-04,2,2024761100,False,41701,50000,186.17812275886536,64,cuda,,2.1.0,79017b1c9c255a37bbc6755352f0b0586319fa81,2026-08-24T17:27:07
efficientnet_b4,0.83398,0.9694521427154541,imagenet12,noise,{'eps': 0.0001},noise_eps_1e-04,3,1778085960,False,41699,50000,182.76457953453064,64,cuda,,2.1.0,79017b1c9c255a37bbc6755352f0b0586319fa81,2026-08-24T17:30:11
efficientnet_b4,0.83396,0.9689021110534668,imagenet12,noise,{'eps': 0.0001},noise_eps_1e-04,4,848600717,False,41698,50000,174.99140191078186,64,cuda,,2.1.0,79017b1c9c255a37bbc6755352f0b0586319fa81,2026-08-24T17:33:07
efficientnet_b4,0.83414,1.1364150047302246,imagenet12,noise,{'eps': 0.001},noise_eps_1e-03,0,451106684,False,41707,50000,176.31676959991455,64,cuda,,2.1.0,79017b1c9c255a37bbc6755352f0b0586319fa81,2026-08-24T17:36:05
efficientnet_b4,0.83396,0.9260163307189941,imagenet12,noise,{'eps': 0.001},noise_eps_1e-03,1,1918929591,False,41698,50000,179.95416140556335,64,cuda,,2.1.0,79017b1c9c255a37bbc6755352f0b0586319fa81,2026-08-24T17:39:06
efficientnet_b4,0.83386,1.0269486904144287,imagenet12,noise,{'eps': 0.001},noise_eps_1e-03,2,124180763,False,41693,50000,171.54563403129578,64,cuda,,2.1.0,79017b1c9c255a37bbc6755352f0b0586319fa81,2026-08-24T17:41:59
efficientnet_b4,0.83384,0.9904036521911621,imagenet12,noise,{'eps': 0.001},noise_eps_1e-03,3,702995184,False,41692,50000,178.5918629169464,64,cuda,,2.1.0,79017b1c9c255a37bbc6755352f0b0586319fa81,2026-08-24T17:44:59
efficientnet_b4,0.834,1.288161277770996,imagenet12,noise,{'eps': 0.001},noise_eps_1e-03,4,70716337,False,41700,50000,178.31920170783997,64,cuda,,2.1.0,79017b1c9c255a37bbc6755352f0b0586319fa81,2026-08-24T17:47:59
efficientnet_b4,0.83098,0.9837961196899414,imagenet12,noise,{'eps': 0.01},noise_eps_1e-02,0,1835470524,False,41549,50000,174.79797530174255,64,cuda,,2.1.0,79017b1c9c255a37bbc6755352f0b0586319fa81,2026-08-24T17:50:55
efficientnet_b4,0.83334,0.9776782989501953,imagenet12,noise,{'eps': 0.01},noise_eps_1e-02,1,1709329211,False,41667,50000,184.87250137329102,64,cuda,,2.1.0,79017b1c9c255a37bbc6755352f0b0586319fa81,2026-08-24T17:54:01
efficientnet_b4,0.8328,1.0141003131866455,imagenet12,noise,{'eps': 0.01},noise_eps_1e-02,2,1742037722,False,41640,50000,173.87937998771667,64,cuda,,2.1.0,79017b1c9c255a37bbc6755352f0b0586319fa81,2026-08-24T17:56:56
efficientnet_b4,0.83342,0.7069475650787354,imagenet12,noise,{'eps': 0.01},noise_eps_1e-02,3,13165135,False,41671,50000,172.79207134246826,64,cuda,,2.1.0,79017b1c9c255a37bbc6755352f0b0586319fa81,2026-08-24T17:59:49
efficientnet_b4,0.82902,0.921562671661377,imagenet12,noise,{'eps': 0.01},noise_eps_1e-02,4,909968308,False,41451,50000,171.63864827156067,64,cuda,,2.1.0,79017b1c9c255a37bbc6755352f0b0586319fa81,2026-08-24T18:02:42
efficientnet_b4,0.00104,0.9682743549346924,imagenet12,noise,{'eps': 0.1},noise_eps_1e-01,0,239297384,False,52,50000,172.75894355773926,64,cuda,,2.1.0,79017b1c9c255a37bbc6755352f0b0586319fa81,2026-08-24T18:05:36
efficientnet_b4,0.0009,0.9328863620758057,imagenet12,noise,{'eps': 0.1},noise_eps_1e-01,1,1642479631,False,45,50000,183.94867181777954,64,cuda,,2.1.0,79017b1c9c255a37bbc6755352f0b0586319fa81,2026-08-24T18:08:41
efficientnet_b4,0.0009,0.9591755867004395,imagenet12,noise,{'eps': 0.1},noise_eps_1e-01,2,423102564,False,45,50000,176.99509358406067,64,cuda,,2.1.0,79017b1c9c255a37bbc6755352f0b0586319fa81,2026-08-24T18:11:40
efficientnet_b4,0.0009,0.987598180770874,imagenet12,noise,{'eps': 0.1},noise_eps_1e-01,3,191593298,False,45,50000,183.40513038635254,64,cuda,,2.1.0,79017b1c9c255a37bbc6755352f0b0586319fa81,2026-08-24T18:14:44
efficientnet_b4,0.00092,0.9381301403045654,imagenet12,noise,{'eps': 0.1},noise_eps_1e-01,4,1580109284,False,46,50000,184.2557282447815,64,cuda,,2.1.0,79017b1c9c255a37bbc6755352f0b0586319fa81,2026-08-24T18:17:50
efficientnet_b4,0.78792,0.6842451095581055,imagenet12,prune,{'amount': 0.01},prune_amount_0.01,0,278790511,False,39396,50000,176.45751643180847,64,cuda,,2.1.0,79017b1c9c255a37bbc6755352f0b0586319fa81,2026-08-24T18:20:47
efficientnet_b4,0.67456,0.46568894386291504,imagenet12,prune,{'amount': 0.01},prune_amount_0.01,1,77997224,False,33728,50000,180.33182168006897,64,cuda,,2.1.0,79017b1c9c255a37bbc6755352f0b0586319fa81,2026-08-24T18:23:48
efficientnet_b4,0.80092,0.44739341735839844,imagenet12,prune,{'amount': 0.01},prune_amount_0.01,2,1840631388,False,40046,50000,177.38755655288696,64,cuda,,2.1.0,79017b1c9c255a37bbc6755352f0b0586319fa81,2026-08-24T18:26:46
efficientnet_b4,0.73934,0.5642216205596924,imagenet12,prune,{'amount': 0.01},prune_amount_0.01,3,318009596,False,36967,50000,170.95431423187256,64,cuda,,2.1.0,79017b1c9c255a37bbc6755352f0b0586319fa81,2026-08-24T18:29:38
efficientnet_b4,0.72704,0.6338791847229004,imagenet12,prune,{'amount': 0.01},prune_amount_0.01,4,1020284643,False,36352,50000,176.91738271713257,64,cuda,,2.1.0,79017b1c9c255a37bbc6755352f0b0586319fa81,2026-08-24T18:32:35
efficientnet_b4,0.04214,0.8425397872924805,imagenet12,prune,{'amount': 0.05},prune_amount_0.05,0,711668303,False,2107,50000,174.82438349723816,64,cuda,,2.1.0,79017b1c9c255a37bbc6755352f0b0586319fa81,2026-08-24T18:35:31
efficientnet_b4,0.04172,0.6977989673614502,imagenet12,prune,{'amount': 0.05},prune_amount_0.05,1,134250526,False,2086,50000,172.43460750579834,64,cuda,,2.1.0,79017b1c9c255a37bbc6755352f0b0586319fa81,2026-08-24T18:38:25
efficientnet_b4,0.0664,0.5746846199035645,imagenet12,prune,{'amount': 0.05},prune_amount_0.05,2,1981117072,False,3320,50000,175.5301570892334,64,cuda,,2.1.0,79017b1c9c255a37bbc6755352f0b0586319fa81,2026-08-24T18:41:21
efficientnet_b4,0.01774,0.6066019535064697,imagenet12,prune,{'amount': 0.05},prune_amount_0.05,3,1854865887,False,887,50000,187.2430329322815,64,cuda,,2.1.0,79017b1c9c255a37bbc6755352f0b0586319fa81,2026-08-24T18:44:29
efficientnet_b4,0.02828,0.9278585910797119,imagenet12,prune,{'amount': 0.05},prune_amount_0.05,4,211732190,False,1414,50000,170.15045714378357,64,cuda,,2.1.0,79017b1c9c255a37bbc6755352f0b0586319fa81,2026-08-24T18:47:21
efficientnet_b4,0.00122,0.7520096302032471,imagenet12,quantization,"{'n_bits': 2, 'per_channel': True}",quant_2bit_perchannel,0,1299601266,True,61,50000,159.05852246284485,64,cuda,,2.1.0,79017b1c9c255a37bbc6755352f0b0586319fa81,2026-08-24T18:50:00
efficientnet_b4,0.0049,1.200516700744629,imagenet12,quantization,"{'n_bits': 4, 'per_channel': True}",quant_4bit_perchannel,0,1780148827,True,245,50000,164.52238082885742,64,cuda,,2.1.0,79017b1c9c255a37bbc6755352f0b0586319fa81,2026-08-24T18:52:46
efficientnet_b4,0.8317,0.6920745372772217,imagenet12,quantization,"{'n_bits': 8, 'per_channel': True}",quant_8bit_perchannel,0,1098467229,True,41585,50000,173.94329643249512,64,cuda,,2.1.0,79017b1c9c255a37bbc6755352f0b0586319fa81,2026-08-24T18:55:41
mobilenet_v2,0.72148,9.5367431640625e-07,imagenet12,original,{},original,0,259043332,True,36074,50000,47.3253493309021,64,cuda,,2.1.0,79017b1c9c255a37bbc6755352f0b0586319fa81,2026-08-24T18:56:29
mobilenet_v2,0.72146,0.01529383659362793,imagenet12,neuperm,{},neuperm,0,1489812630,False,36073,50000,48.34437346458435,64,cuda,,2.1.0,79017b1c9c255a37bbc6755352f0b0586319fa81,2026-08-24T18:57:17
mobilenet_v2,0.7215,0.015383481979370117,imagenet12,neuperm,{},neuperm,1,1639423394,False,36075,50000,47.84332895278931,64,cuda,,2.1.0,79017b1c9c255a37bbc6755352f0b0586319fa81,2026-08-24T18:58:05
mobilenet_v2,0.72148,0.02080225944519043,imagenet12,neuperm,{},neuperm,2,1552438742,False,36074,50000,46.62159848213196,64,cuda,,2.1.0,79017b1c9c255a37bbc6755352f0b0586319fa81,2026-08-24T18:58:52
mobilenet_v2,0.72138,0.010665416717529297,imagenet12,neuperm,{},neuperm,3,1238540947,False,36069,50000,47.83968496322632,64,cuda,,2.1.0,79017b1c9c255a37bbc6755352f0b0586319fa81,2026-08-24T18:59:40
mobilenet_v2,0.72144,0.01544189453125,imagenet12,neuperm,{},neuperm,4,1463836014,False,36072,50000,47.926026344299316,64,cuda,,2.1.0,79017b1c9c255a37bbc6755352f0b0586319fa81,2026-08-24T19:00:28
mobilenet_v2,0.7213,0.1706221103668213,imagenet12,noise,{'eps': 0.0001},noise_eps_1e-04,0,2079773140,False,36065,50000,47.61236214637756,64,cuda,,2.1.0,79017b1c9c255a37bbc6755352f0b0586319fa81,2026-08-24T19:01:16
mobilenet_v2,0.72148,0.16738033294677734,imagenet12,noise,{'eps': 0.0001},noise_eps_1e-04,1,902252582,False,36074,50000,46.3534255027771,64,cuda,,2.1.0,79017b1c9c255a37bbc6755352f0b0586319fa81,2026-08-24T19:02:03
mobilenet_v2,0.72152,0.12917351722717285,imagenet12,noise,{'eps': 0.0001},noise_eps_1e-04,2,641659654,False,36076,50000,48.10341763496399,64,cuda,,2.1.0,79017b1c9c255a37bbc6755352f0b0586319fa81,2026-08-24T19:02:51
mobilenet_v2,0.721,0.17195606231689453,imagenet12,noise,{'eps': 0.0001},noise_eps_1e-04,3,2109378383,False,36050,50000,47.3914155960083,64,cuda,,2.1.0,79017b1c9c255a37bbc6755352f0b0586319fa81,2026-08-24T19:03:39
mobilenet_v2,0.72138,0.20680665969848633,imagenet12,noise,{'eps': 0.0001},noise_eps_1e-04,4,1114413960,False,36069,50000,48.1595938205719,64,cuda,,2.1.0,79017b1c9c255a37bbc6755352f0b0586319fa81,2026-08-24T19:04:27
mobilenet_v2,0.72062,0.1864457130432129,imagenet12,noise,{'eps': 0.001},noise_eps_1e-03,0,1846548352,False,36031,50000,45.455010414123535,64,cuda,,2.1.0,79017b1c9c255a37bbc6755352f0b0586319fa81,2026-08-24T19:05:13
mobilenet_v2,0.71874,0.139326810836792,imagenet12,noise,{'eps': 0.001},noise_eps_1e-03,1,1169649052,False,35937,50000,50.78239965438843,64,cuda,,2.1.0,79017b1c9c255a37bbc6755352f0b0586319fa81,2026-08-24T19:06:04
mobilenet_v2,0.7202,0.15716290473937988,imagenet12,noise,{'eps': 0.001},noise_eps_1e-03,2,767174456,False,36010,50000,48.991212129592896,64,cuda,,2.1.0,79017b1c9c255a37bbc6755352f0b0586319fa81,2026-08-24T19:06:53
mobilenet_v2,0.7188,0.12955975532531738,imagenet12,noise,{'eps': 0.001},noise_eps_1e-03,3,1088137900,False,35940,50000,49.433626651763916,64,cuda,,2.1.0,79017b1c9c255a37bbc6755352f0b0586319fa81,2026-08-24T19:07:43
mobilenet_v2,0.71986,0.1275043487548828,imagenet12,noise,{'eps': 0.001},noise_eps_1e-03,4,1866553068,False,35993,50000,48.45104956626892,64,cuda,,2.1.0,79017b1c9c255a37bbc6755352f0b0586319fa81,2026-08-24T19:08:31
mobilenet_v2,0.47468,0.14964652061462402,imagenet12,noise,{'eps': 0.01},noise_eps_1e-02,0,1132865405,False,23734,50000,45.364423751831055,64,cuda,,2.1.0,79017b1c9c255a37bbc6755352f0b0586319fa81,2026-08-24T19:09:17
mobilenet_v2,0.4193,0.14852547645568848,imagenet12,noise,{'eps': 0.01},noise_eps_1e-02,1,653136439,False,20965,50000,47.23053812980652,64,cuda,,2.1.0,79017b1c9c255a37bbc6755352f0b0586319fa81,2026-08-24T19:10:04
mobilenet_v2,0.37096,0.16501593589782715,imagenet12,noise,{'eps': 0.01},noise_eps_1e-02,2,1701385250,False,18548,50000,47.25661516189575,64,cuda,,2.1.0,79017b1c9c255a37bbc6755352f0b0586319fa81,2026-08-24T19:10:52
mobilenet_v2,0.38226,0.16166162490844727,imagenet12,noise,{'eps': 0.01},noise_eps_1e-02,3,1370208503,False,19113,50000,47.44144415855408,64,cuda,,2.1.0,79017b1c9c255a37bbc6755352f0b0586319fa81,2026-08-24T19:11:40
mobilenet_v2,0.4155,0.16673803329467773,imagenet12,noise,{'eps': 0.01},noise_eps_1e-02,4,1496137857,False,20775,50000,47.557493925094604,64,cuda,,2.1.0,79017b1c9c255a37bbc6755352f0b0586319fa81,2026-08-24T19:12:27
mobilenet_v2,0.001,0.1649312973022461,imagenet12,noise,{'eps': 0.1},noise_eps_1e-01,0,41497686,False,50,50000,46.02026033401489,64,cuda,,2.1.0,79017b1c9c255a37bbc6755352f0b0586319fa81,2026-08-24T19:13:14
mobilenet_v2,0.00106,0.22673869132995605,imagenet12,noise,{'eps': 0.1},noise_eps_1e-01,1,2078010939,False,53,50000,47.483198165893555,64,cuda,,2.1.0,79017b1c9c255a37bbc6755352f0b0586319fa81,2026-08-24T19:14:01
mobilenet_v2,0.0012,0.16898870468139648,imagenet12,noise,{'eps': 0.1},noise_eps_1e-01,2,19709124,False,60,50000,47.9032187461853,64,cuda,,2.1.0,79017b1c9c255a37bbc6755352f0b0586319fa81,2026-08-24T19:14:50
mobilenet_v2,0.00102,0.22636842727661133,imagenet12,noise,{'eps': 0.1},noise_eps_1e-01,3,1034924086,False,51,50000,46.701071977615356,64,cuda,,2.1.0,79017b1c9c255a37bbc6755352f0b0586319fa81,2026-08-24T19:15:37
mobilenet_v2,0.00088,0.16576313972473145,imagenet12,noise,{'eps': 0.1},noise_eps_1e-01,4,485925824,False,44,50000,48.21104645729065,64,cuda,,2.1.0,79017b1c9c255a37bbc6755352f0b0586319fa81,2026-08-24T19:16:25
mobilenet_v2,0.04676,0.13666534423828125,imagenet12,prune,{'amount': 0.01},prune_amount_0.01,0,1806442545,False,2338,50000,47.37107968330383,64,cuda,,2.1.0,79017b1c9c255a37bbc6755352f0b0586319fa81,2026-08-24T19:17:13
mobilenet_v2,0.08592,0.1106560230255127,imagenet12,prune,{'amount': 0.01},prune_amount_0.01,1,1006764722,False,4296,50000,46.73082399368286,64,cuda,,2.1.0,79017b1c9c255a37bbc6755352f0b0586319fa81,2026-08-24T19:18:00
mobilenet_v2,0.18046,0.1218419075012207,imagenet12,prune,{'amount': 0.01},prune_amount_0.01,2,85842254,False,9023,50000,47.34864592552185,64,cuda,,2.1.0,79017b1c9c255a37bbc6755352f0b0586319fa81,2026-08-24T19:18:47
mobilenet_v2,0.20218,0.14117908477783203,imagenet12,prune,{'amount': 0.01},prune_amount_0.01,3,391530445,False,10109,50000,46.614421367645264,64,cuda,,2.1.0,79017b1c9c255a37bbc6755352f0b0586319fa81,2026-08-24T19:19:34
mobilenet_v2,0.07878,0.10837602615356445,imagenet12,prune,{'amount': 0.01},prune_amount_0.01,4,1967122305,False,3939,50000,47.53610420227051,64,cuda,,2.1.0,79017b1c9c255a37bbc6755352f0b0586319fa81,2026-08-24T19:20:22
mobilenet_v2,0.00124,0.18962407112121582,imagenet12,prune,{'amount': 0.05},prune_amount_0.05,0,528018213,False,62,50000,46.4852192401886,64,cuda,,2.1.0,79017b1c9c255a37bbc6755352f0b0586319fa81,2026-08-24T19:21:08
mobilenet_v2,0.00138,0.1523728370666504,imagenet12,prune,{'amount': 0.05},prune_amount_0.05,1,654280835,False,69,50000,47.28122568130493,64,cuda,,2.1.0,79017b1c9c255a37bbc6755352f0b0586319fa81,2026-08-24T19:21:56
mobilenet_v2,0.00088,0.15406441688537598,imagenet12,prune,{'amount': 0.05},prune_amount_0.05,2,1521955482,False,44,50000,46.677085638046265,64,cuda,,2.1.0,79017b1c9c255a37bbc6755352f0b0586319fa81,2026-08-24T19:22:43
mobilenet_v2,0.00152,0.1137387752532959,imagenet12,prune,{'amount': 0.05},prune_amount_0.05,3,1386391686,False,76,50000,47.14674973487854,64,cuda,,2.1.0,79017b1c9c255a37bbc6755352f0b0586319fa81,2026-08-24T19:23:30
mobilenet_v2,0.00118,0.12876296043395996,imagenet12,prune,{'amount': 0.05},prune_amount_0.05,4,170449453,False,59,50000,47.9241738319397,64,cuda,,2.1.0,79017b1c9c255a37bbc6755352f0b0586319fa81,2026-08-24T19:24:18
mobilenet_v2,0.00112,0.22718119621276855,imagenet12,quantization,"{'n_bits': 2, 'per_channel': True}",quant_2bit_perchannel,0,501704623,True,56,50000,46.442155599594116,64,cuda,,2.1.0,79017b1c9c255a37bbc6755352f0b0586319fa81,2026-08-24T19:25:05
mobilenet_v2,0.0012,0.17827725410461426,imagenet12,quantization,"{'n_bits': 4, 'per_channel': True}",quant_4bit_perchannel,0,1695933837,True,60,50000,49.036272048950195,64,cuda,,2.1.0,79017b1c9c255a37bbc6755352f0b0586319fa81,2026-08-24T19:25:54
mobilenet_v2,0.71186,0.34647130966186523,imagenet12,quantization,"{'n_bits': 8, 'per_channel': True}",quant_8bit_perchannel,0,618472537,True,35593,50000,45.9132285118103,64,cuda,,2.1.0,79017b1c9c255a37bbc6755352f0b0586319fa81,2026-08-24T19:26:41
mobilenet_v3_small,0.67672,7.152557373046875e-07,imagenet12,original,{},original,0,717622032,True,33836,50000,48.638763427734375,64,cuda,,2.1.0,79017b1c9c255a37bbc6755352f0b0586319fa81,2026-08-24T19:27:30
mobilenet_v3_small,0.67668,0.008606433868408203,imagenet12,neuperm,{},neuperm,0,1418805135,False,33834,50000,49.57019662857056,64,cuda,,2.1.0,79017b1c9c255a37bbc6755352f0b0586319fa81,2026-08-24T19:28:19
mobilenet_v3_small,0.67674,0.01192617416381836,imagenet12,neuperm,{},neuperm,1,1136684649,False,33837,50000,47.43123245239258,64,cuda,,2.1.0,79017b1c9c255a37bbc6755352f0b0586319fa81,2026-08-24T19:29:07
mobilenet_v3_small,0.6767,0.008788108825683594,imagenet12,neuperm,{},neuperm,2,1061116839,False,33835,50000,47.313199281692505,64,cuda,,2.1.0,79017b1c9c255a37bbc6755352f0b0586319fa81,2026-08-24T19:29:54
mobilenet_v3_small,0.67662,0.01020050048828125,imagenet12,neuperm,{},neuperm,3,1657978036,False,33831,50000,46.474979400634766,64,cuda,,2.1.0,79017b1c9c255a37bbc6755352f0b0586319fa81,2026-08-24T19:30:41
mobilenet_v3_small,0.67672,0.01279139518737793,imagenet12,neuperm,{},neuperm,4,1118632475,False,33836,50000,47.14542770385742,64,cuda,,2.1.0,79017b1c9c255a37bbc6755352f0b0586319fa81,2026-08-24T19:31:28
mobilenet_v3_small,0.67662,0.12685632705688477,imagenet12,noise,{'eps': 0.0001},noise_eps_1e-04,0,1504108084,False,33831,50000,49.37326669692993,64,cuda,,2.1.0,79017b1c9c255a37bbc6755352f0b0586319fa81,2026-08-24T19:32:18
mobilenet_v3_small,0.6766,0.13734960556030273,imagenet12,noise,{'eps': 0.0001},noise_eps_1e-04,1,1184188101,False,33830,50000,48.29551362991333,64,cuda,,2.1.0,79017b1c9c255a37bbc6755352f0b0586319fa81,2026-08-24T19:33:06
mobilenet_v3_small,0.67642,0.16961455345153809,imagenet12,noise,{'eps': 0.0001},noise_eps_1e-04,2,1143917449,False,33821,50000,46.79383707046509,64,cuda,,2.1.0,79017b1c9c255a37bbc6755352f0b0586319fa81,2026-08-24T19:33:53
mobilenet_v3_small,0.6765,0.169508695602417,imagenet12,noise,{'eps': 0.0001},noise_eps_1e-04,3,1879979195,False,33825,50000,47.16318082809448,64,cuda,,2.1.0,79017b1c9c255a37bbc6755352f0b0586319fa81,2026-08-24T19:34:41
mobilenet_v3_small,0.67632,0.11053681373596191,imagenet12,noise,{'eps': 0.0001},noise_eps_1e-04,4,1787190783,False,33816,50000,48.27693772315979,64,cuda,,2.1.0,79017b1c9c255a37bbc6755352f0b0586319fa81,2026-08-24T19:35:29
mobilenet_v3_small,0.67484,0.1427750587463379,imagenet12,noise,{'eps': 0.001},noise_eps_1e-03,0,2089561242,False,33742,50000,47.842840909957886,64,cuda,,2.1.0,79017b1c9c255a37bbc6755352f0b0586319fa81,2026-08-24T19:36:17
mobilenet_v3_small,0.675,0.09930801391601562,imagenet12,noise,{'eps': 0.001},noise_eps_1e-03,1,762530302,False,33750,50000,48.03299808502197,64,cuda,,2.1.0,79017b1c9c255a37bbc6755352f0b0586319fa81,2026-08-24T19:37:05
mobilenet_v3_small,0.6746,0.12819623947143555,imagenet12,noise,{'eps': 0.001},noise_eps_1e-03,2,2134389633,False,33730,50000,47.513803005218506,64,cuda,,2.1.0,79017b1c9c255a37bbc6755352f0b0586319fa81,2026-08-24T19:37:53
mobilenet_v3_small,0.6756,0.17455506324768066,imagenet12,noise,{'eps': 0.001},noise_eps_1e-03,3,935574083,False,33780,50000,45.87052822113037,64,cuda,,2.1.0,79017b1c9c255a37bbc6755352f0b0586319fa81,2026-08-24T19:38:39
mobilenet_v3_small,0.67386,0.12473869323730469,imagenet12,noise,{'eps': 0.001},noise_eps_1e-03,4,918508180,False,33693,50000,45.30288314819336,64,cuda,,2.1.0,79017b1c9c255a37bbc6755352f0b0586319fa81,2026-08-24T19:39:25
mobilenet_v3_small,0.53084,0.17811036109924316,imagenet12,noise,{'eps': 0.01},noise_eps_1e-02,0,1346558536,False,26542,50000,46.68950009346008,64,cuda,,2.1.0,79017b1c9c255a37bbc6755352f0b0586319fa81,2026-08-24T19:40:12
mobilenet_v3_small,0.56326,0.10257124900817871,imagenet12,noise,{'eps': 0.01},noise_eps_1e-02,1,1875762838,False,28163,50000,47.80132484436035,64,cuda,,2.1.0,79017b1c9c255a37bbc6755352f0b0586319fa81,2026-08-24T19:41:00
mobilenet_v3_small,0.55174,0.17667531967163086,imagenet12,noise,{'eps': 0.01},noise_eps_1e-02,2,116566249,False,27587,50000,48.28426122665405,64,cuda,,2.1.0,79017b1c9c255a37bbc6755352f0b0586319fa81,2026-08-24T19:41:48
mobilenet_v3_small,0.53366,0.15104413032531738,imagenet12,noise,{'eps': 0.01},noise_eps_1e-02,3,1445418498,False,26683,50000,45.7825448513031,64,cuda,,2.1.0,79017b1c9c255a37bbc6755352f0b0586319fa81,2026-08-24T19:42:34
mobilenet_v3_small,0.59704,0.12528014183044434,imagenet12,noise,{'eps': 0.01},noise_eps_1e-02,4,999606854,False,29852,50000,46.89258551597595,64,cuda,,2.1.0,79017b1c9c255a37bbc6755352f0b0586319fa81,2026-08-24T19:43:21
mobilenet_v3_small,0.001,0.17492079734802246,imagenet12,noise,{'eps': 0.1},noise_eps_1e-01,0,1800552626,False,50,50000,48.03634786605835,64,cuda,,2.1.0,79017b1c9c255a37bbc6755352f0b0586319fa81,2026-08-24T19:44:09
mobilenet_v3_small,0.00108,0.10519289970397949,imagenet12,noise,{'eps': 0.1},noise_eps_1e-01,1,65931081,False,54,50000,48.12837862968445,64,cuda,,2.1.0,79017b1c9c255a37bbc6755352f0b0586319fa81,2026-08-24T19:44:58
mobilenet_v3_small,0.00108,0.14383864402770996,imagenet12,noise,{'eps': 0.1},noise_eps_1e-01,2,1335511462,False,54,50000,48.064111948013306,64,cuda,,2.1.0,79017b1c9c255a37bbc6755352f0b0586319fa81,2026-08-24T19:45:46
mobilenet_v3_small,0.0011,0.19476723670959473,imagenet12,noise,{'eps': 0.1},noise_eps_1e-01,3,1987762178,False,55,50000,46.8328971862793,64,cuda,,2.1.0,79017b1c9c255a37bbc6755352f0b0586319fa81,2026-08-24T19:46:33
mobilenet_v3_small,0.00124,0.12561345100402832,imagenet12,noise,{'eps': 0.1},noise_eps_1e-01,4,1856973487,False,62,50000,46.81033205986023,64,cuda,,2.1.0,79017b1c9c255a37bbc6755352f0b0586319fa81,2026-08-24T19:47:20
mobilenet_v3_small,0.04418,0.07579207420349121,imagenet12,prune,{'amount': 0.01},prune_amount_0.01,0,1492132694,False,2209,50000,46.06274151802063,64,cuda,,2.1.0,79017b1c9c255a37bbc6755352f0b0586319fa81,2026-08-24T19:48:06
mobilenet_v3_small,0.1892,0.10494494438171387,imagenet12,prune,{'amount': 0.01},prune_amount_0.01,1,17547725,False,9460,50000,46.98396277427673,64,cuda,,2.1.0,79017b1c9c255a37bbc6755352f0b0586319fa81,2026-08-24T19:48:54
mobilenet_v3_small,0.01074,0.08286070823669434,imagenet12,prune,{'amount': 0.01},prune_amount_0.01,2,1327184519,False,537,50000,47.182313442230225,64,cuda,,2.1.0,79017b1c9c255a37bbc6755352f0b0586319fa81,2026-08-24T19:49:41
mobilenet_v3_small,0.0837,0.07484197616577148,imagenet12,prune,{'amount': 0.01},prune_amount_0.01,3,770947688,False,4185,50000,49.1720871925354,64,cuda,,2.1.0,79017b1c9c255a37bbc6755352f0b0586319fa81,2026-08-24T19:50:30
mobilenet_v3_small,0.0501,0.14830422401428223,imagenet12,prune,{'amount': 0.01},prune_amount_0.01,4,1018520295,False,2505,50000,47.88245153427124,64,cuda,,2.1.0,79017b1c9c255a37bbc6755352f0b0586319fa81,2026-08-24T19:51:18
mobilenet_v3_small,0.0011,0.11165976524353027,imagenet12,prune,{'amount': 0.05},prune_amount_0.05,0,1715189407,False,55,50000,47.578675508499146,64,cuda,,2.1.0,79017b1c9c255a37bbc6755352f0b0586319fa81,2026-08-24T19:52:06
mobilenet_v3_small,0.00072,0.10684990882873535,imagenet12,prune,{'amount': 0.05},prune_amount_0.05,1,2051990636,False,36,50000,46.3079309463501,64,cuda,,2.1.0,79017b1c9c255a37bbc6755352f0b0586319fa81,2026-08-24T19:52:53
mobilenet_v3_small,0.00106,0.08713603019714355,imagenet12,prune,{'amount': 0.05},prune_amount_0.05,2,1635767311,False,53,50000,47.58201313018799,64,cuda,,2.1.0,79017b1c9c255a37bbc6755352f0b0586319fa81,2026-08-24T19:53:40
mobilenet_v3_small,0.00136,0.11949563026428223,imagenet12,prune,{'amount': 0.05},prune_amount_0.05,3,815442066,False,68,50000,47.279929399490356,64,cuda,,2.1.0,79017b1c9c255a37bbc6755352f0b0586319fa81,2026-08-24T19:54:28
mobilenet_v3_small,0.0013,0.08767199516296387,imagenet12,prune,{'amount': 0.05},prune_amount_0.05,4,1275688243,False,65,50000,49.440157651901245,64,cuda,,2.1.0,79017b1c9c255a37bbc6755352f0b0586319fa81,2026-08-24T19:55:17
mobilenet_v3_small,0.001,0.2267148494720459,imagenet12,quantization,"{'n_bits': 2, 'per_channel': True}",quant_2bit_perchannel,0,759757371,True,50,50000,48.75088906288147,64,cuda,,2.1.0,79017b1c9c255a37bbc6755352f0b0586319fa81,2026-08-24T19:56:06
mobilenet_v3_small,0.00094,0.3982086181640625,imagenet12,quantization,"{'n_bits': 4, 'per_channel': True}",quant_4bit_perchannel,0,319112012,True,47,50000,47.932658433914185,64,cuda,,2.1.0,79017b1c9c255a37bbc6755352f0b0586319fa81,2026-08-24T19:56:55
mobilenet_v3_small,0.65844,0.20621323585510254,imagenet12,quantization,"{'n_bits': 8, 'per_channel': True}",quant_8bit_perchannel,0,1131012602,True,32922,50000,47.015817403793335,64,cuda,,2.1.0,79017b1c9c255a37bbc6755352f0b0586319fa81,2026-08-24T19:57:42
